datetime,no2,o3_1hr,o3_4hr,o3_8hr,co,pm10,pm2_5,aqi_no2,aqi_o3_1hr,aqi_pm10,aqi_pm2_5,aqi_site
2026-06-10T03:00:00.000,0.001,0.001,0.001,0.001,1.37,25.66,27.4,0,1,51,109,109
2026-06-10T04:00:00.000,0,0.001,0.001,0.001,1.4,25.89,25.66,0,1,51,102,102
2026-06-10T05:00:00.000,0,0,0.001,0.001,1.4,26.21,24.11,0,0,52,96,96
2026-06-10T06:00:00.000,0,0,0.001,0.001,1.37,26.48,23,0,0,52,92,92
2026-06-10T07:00:00.000,0.001,0,0.001,0.001,1.33,26.67,22.35,1,0,53,89,89
2026-06-10T08:00:00.000,0.002,0,0,0.001,1.27,26.82,21.64,2,0,53,86,86
2026-06-10T09:00:00.000,0.004,0.001,0.001,0.001,1.2,27.07,19.47,4,1,54,77,77
2026-06-10T10:00:00.000,0.008,0.003,0.001,0.001,1.1,27.06,15.98,7,3,54,63,63
2026-06-10T11:00:00.000,0.002,0.015,0.005,0.003,0.97,26.81,0,1,15,53,0,53
2026-06-10T12:00:00.000,0,0.017,0.009,0.005,0.85,26.65,0,0,17,53,0,53
2026-06-10T13:00:00.000,0,0.016,0.013,0.007,0.75,26.48,0,0,16,52,0,52
2026-06-10T14:00:00.000,0,0.017,0.016,0.009,0.65,25.96,0,0,17,51,0,51
2026-06-10T15:00:00.000,0,0.017,0.017,0.011,0.57,25.73,0,0,17,51,0,51
2026-06-10T16:00:00.000,,,,0.012,,25.52,6.64,,,51,26,
2026-06-10T17:00:00.000,0,0.015,0.016,0.014,0.41,25.25,11.41,0,15,50,45,50
2026-06-10T18:00:00.000,0.001,0.015,0.016,0.016,0.37,25.12,13.48,1,15,50,53,53
2026-06-10T19:00:00.000,0.001,0.015,0.015,0.016,0.38,24.85,12.28,0,15,49,49,49
2026-06-10T20:00:00.000,0.001,0.014,0.015,0.016,0.38,24.01,10.63,0,14,48,42,48
2026-06-10T21:00:00.000,0,0.013,0.014,0.015,0.39,22.64,9.34,0,13,45,37,45
2026-06-10T22:00:00.000,0.002,0.01,0.013,0.014,0.41,21.09,8.67,2,10,42,34,42
2026-06-10T23:00:00.000,0,0.014,0.013,0.014,0.42,19.38,8.35,0,14,38,33,38
2026-06-11T00:00:00.000,0,0.015,0.013,0.014,0.41,17.53,7.96,0,15,35,31,35
2026-06-11T01:00:00.000,0,0.011,0.012,0.013,0.42,15.31,7.35,0,11,30,29,30
2026-06-11T02:00:00.000,0,0.013,0.013,0.013,0.42,13.21,6.73,0,13,26,26,26
2026-06-11T03:00:00.000,0,0.015,0.014,0.013,0.42,11.37,6.44,0,15,22,25,25
2026-06-11T04:00:00.000,0,0.014,0.014,0.013,0.42,9.89,6.17,0,14,19,24,24
2026-06-11T05:00:00.000,0,0.013,0.014,0.013,0.41,8.62,5.91,0,13,17,23,23
2026-06-11T06:00:00.000,0,0.01,0.013,0.013,0.4,7.4,5.79,0,10,14,23,23
2026-06-11T07:00:00.000,0,0.011,0.012,0.013,0.4,6.42,5.76,0,11,12,23,23
2026-06-11T08:00:00.000,0.002,0.009,0.011,0.012,0.39,5.53,5.77,2,9,11,23,23
2026-06-11T09:00:00.000,0,0.012,0.01,0.012,0.39,4.5,5.79,0,12,9,23,23
2026-06-11T10:00:00.000,0,0.016,0.012,0.012,0.38,3.81,5.88,0,16,7,23,23
2026-06-11T11:00:00.000,0,0.017,0.014,0.013,0.38,3.57,5.86,0,17,7,23,23
2026-06-11T12:00:00.000,0,0.018,0.016,0.013,0.38,3.42,5.75,0,18,6,23,23
2026-06-11T13:00:00.000,0,0.018,0.017,0.014,0.39,3.36,5.57,0,18,6,22,22
2026-06-11T14:00:00.000,0,0.019,0.018,0.015,0.39,3.45,5.31,0,19,6,21,23
2026-06-11T15:00:00.000,0,0.02,0.019,0.016,0.39,3.37,5.05,0,20,6,20,24
2026-06-11T16:00:00.000,,,,0.017,,3.36,4.78,,,6,19,
2026-06-11T17:00:00.000,0,0.017,0.019,0.018,0.4,3.31,4.03,0,17,6,16,24
2026-06-11T18:00:00.000,0.007,0.004,0.014,0.016,0.43,3.21,3.26,5,4,6,13,17
2026-06-11T19:00:00.000,0.01,0.001,0.007,0.014,0.49,3.62,3.19,8,1,7,12,12
2026-06-11T20:00:00.000,0.009,0,0.006,0.012,0.55,4.71,3.66,8,0,9,14,14
2026-06-11T21:00:00.000,0.007,0,0.001,0.009,0.58,5.66,4.34,6,0,11,17,17
2026-06-11T22:00:00.000,0.005,0,0.001,0.006,0.63,6.05,4.89,4,0,12,19,19
2026-06-11T23:00:00.000,0.003,0.001,0,0.003,0.72,6.57,5.46,3,1,13,21,21
2026-06-12T00:00:00.000,0.002,0.001,0.001,0.003,0.77,7.31,6.23,2,1,14,24,24
2026-06-12T01:00:00.000,0.001,0.001,0.001,0.001,0.86,8.02,7.27,1,1,16,29,29
2026-06-12T02:00:00.000,0,0.001,0.001,0.001,0.92,8.89,8.5,0,1,17,34,34
2026-06-12T03:00:00.000,0,0,0.001,0.001,0.94,9.84,9.62,0,0,19,38,38
2026-06-12T04:00:00.000,0,0,0.001,0.001,0.98,10.62,10.66,0,0,21,42,42
2026-06-12T05:00:00.000,0,0,0,0.001,1.01,11.14,11.58,0,0,22,46,46
2026-06-12T06:00:00.000,0,0,0,0.001,1.01,11.8,12.37,0,0,23,49,49
2026-06-12T07:00:00.000,0.001,0,0,0.001,0.93,12.14,12.88,0,0,24,51,51
2026-06-12T08:00:00.000,0.002,0.001,0.001,0.001,0.84,12.24,13,1,1,24,52,52
2026-06-12T09:00:00.000,0.001,0.003,0.001,0.001,0.76,12.57,13.03,1,3,25,52,52
2026-06-12T10:00:00.000,0,0.007,0.003,0.002,0.67,12.71,12.95,0,7,25,51,51
2026-06-12T11:00:00.000,0,0.011,0.005,0.003,0.6,12.78,12.86,0,11,25,51,51
2026-06-12T12:00:00.000,0,0.02,0.01,0.005,0.52,13.16,12.78,0,20,26,51,51
2026-06-12T13:00:00.000,0,0.022,0.015,0.008,0.45,13.54,12.62,0,22,27,50,50
2026-06-12T14:00:00.000,0,0.023,0.019,0.011,0.41,13.58,12.5,0,23,27,50,50
2026-06-12T15:00:00.000,0,0.026,0.023,0.014,0.4,13.64,12.38,0,26,27,49,49
2026-06-12T16:00:00.000,,,,0.016,,13.63,12.24,,,27,48,
2026-06-12T17:00:00.000,0.003,0.018,0.022,0.018,0.4,13.64,12.19,3,18,27,48,48
2026-06-12T18:00:00.000,0.016,0.002,0.015,0.018,0.44,13.78,12.19,13,2,27,48,48
2026-06-12T19:00:00.000,0.016,0.001,0.007,0.016,0.5,13.81,12.15,13,1,27,48,48
2026-06-12T20:00:00.000,0.015,0.001,0.006,0.013,0.58,13.74,12.14,12,1,27,48,48
2026-06-12T21:00:00.000,0.011,0.001,0.001,0.01,0.67,14.18,12.34,9,1,28,49,49
2026-06-12T22:00:00.000,0.009,0.001,0.001,0.007,0.81,15.13,12.97,7,1,30,51,51
2026-06-12T23:00:00.000,0.007,0.001,0.001,0.004,0.96,16.09,13.88,6,1,32,55,55
2026-06-13T00:00:00.000,0.006,0.001,0.001,0.003,1.02,16.92,14.91,5,1,33,59,59
2026-06-13T01:00:00.000,0.004,0.001,0.001,0.001,1.15,18.1,15.92,4,1,36,63,63
2026-06-13T02:00:00.000,0.002,0.001,0.001,0.001,1.24,18.97,16.69,2,1,37,66,66
2026-06-13T03:00:00.000,0.001,0.001,0.001,0.001,1.29,19.41,17.33,1,1,38,69,69
2026-06-13T04:00:00.000,0.001,0,0.001,0.001,1.33,19.72,17.85,0,0,39,71,71
2026-06-13T05:00:00.000,0,0,0.001,0.001,1.33,20.54,18.17,0,0,41,72,72
2026-06-13T06:00:00.000,0,0,0,0.001,1.29,20.91,18.28,0,0,41,73,73
2026-06-13T07:00:00.000,0,0,0,0.001,1.23,21.34,18.45,0,0,42,73,73
2026-06-13T08:00:00.000,0,0,0,0.001,1.17,21.77,18.87,0,0,43,75,75
2026-06-13T09:00:00.000,0.002,0.001,0.001,0.001,1.09,22.26,19.26,1,1,44,77,77
2026-06-13T10:00:00.000,0.004,0.004,0.002,0.001,1,23.04,19.55,3,4,46,78,78
2026-06-13T11:00:00.000,0.002,0.01,0.004,0.002,0.9,23.71,19.8,2,10,47,79,79
2026-06-13T12:00:00.000,0.001,0.014,0.007,0.004,0.81,23.92,20.01,1,14,47,80,80
2026-06-13T13:00:00.000,0,0.017,0.011,0.006,0.73,23.87,20.27,0,17,47,81,81
2026-06-13T14:00:00.000,0,0.018,0.015,0.008,0.66,23.65,20.44,0,18,47,81,81
2026-06-13T15:00:00.000,0,0.02,0.017,0.011,0.59,23.57,20.49,0,20,47,81,81
2026-06-13T16:00:00.000,,,,0.012,,23.58,20.52,,,47,82,
2026-06-13T17:00:00.000,0,0.02,0.02,0.015,0.48,23.6,20.52,0,20,47,82,82
2026-06-13T18:00:00.000,0,0.019,0.02,0.017,0.45,23.67,20.45,0,19,47,81,81
2026-06-13T19:00:00.000,0,0.019,0.019,0.018,0.44,23.48,20.16,0,19,46,80,80
2026-06-13T20:00:00.000,0,0.019,0.019,0.019,0.44,22.72,19.59,0,19,45,78,78
2026-06-13T21:00:00.000,0,0.019,0.019,0.019,0.44,21.61,18.68,0,19,43,74,74
2026-06-13T22:00:00.000,0,0.019,0.019,0.019,0.44,20.38,17.46,0,19,40,69,69
2026-06-13T23:00:00.000,0,0.019,0.019,0.019,0.44,19.01,15.87,0,19,38,63,63
2026-06-14T00:00:00.000,0,0.019,0.019,0.019,0.44,17.53,13.97,0,19,35,55,55
2026-06-14T01:00:00.000,0,0.019,0.019,0.019,0.44,15.6,11.93,0,19,31,47,47
2026-06-14T02:00:00.000,0,0.018,0.019,0.019,0.44,13.9,10.01,0,18,27,40,40
2026-06-14T03:00:00.000,0,0.019,0.019,0.019,0.44,12.69,8.21,0,19,25,32,32
2026-06-14T04:00:00.000,0,0.019,0.019,0.019,0.44,11.68,6.55,0,19,23,26,26
2026-06-14T05:00:00.000,0,0.019,0.019,0.019,0.43,10.27,5.3,0,19,20,21,24
2026-06-14T06:00:00.000,0,0.019,0.019,0.019,0.43,9.3,4.39,0,19,18,17,24
2026-06-14T15:00:00.000,0,0.025,0.024,0.024,0.43,4.1,2.32,0,25,8,9,31
2026-06-14T16:00:00.000,,,,0.024,,3.88,2.34,,,7,9,
2026-06-14T17:00:00.000,0,0.022,0.023,0.024,0.44,3.92,2.43,0,22,7,9,29
2026-06-14T18:00:00.000,0,0.022,0.023,0.023,0.44,3.9,2.55,0,22,7,10,29
2026-06-14T19:00:00.000,0,0.021,0.022,0.023,0.44,3.64,2.67,0,21,7,10,27
2026-06-14T20:00:00.000,0,0.02,0.021,0.023,0.44,3.56,2.74,0,20,7,10,27
2026-06-14T21:00:00.000,0,0.021,0.021,0.022,0.45,3.47,2.77,0,21,6,11,26
2026-06-14T22:00:00.000,0,0.022,0.021,0.022,0.44,3.35,2.75,0,22,6,11,26
2026-06-14T23:00:00.000,0,0.021,0.021,0.021,0.44,3.16,2.7,0,21,6,10,26
2026-06-15T00:00:00.000,0,0.018,0.02,0.021,0.44,3.01,2.71,0,18,6,10,26
2026-06-15T01:00:00.000,0,0.017,0.02,0.02,0.44,3.05,2.74,0,17,6,10,25
2026-06-15T02:00:00.000,0,0.02,0.019,0.02,0.45,2.97,2.83,0,20,5,11,24
2026-06-15T03:00:00.000,0,0.024,0.02,0.02,0.44,2.88,2.9,0,24,5,11,25
2026-06-15T04:00:00.000,0,0.024,0.021,0.021,0.44,2.71,2.99,0,24,5,11,27
2026-06-15T05:00:00.000,0,0.024,0.023,0.021,0.43,2.71,3,0,24,5,12,29
2026-06-15T06:00:00.000,0,0.024,0.024,0.022,0.43,2.78,2.92,0,24,5,11,30
2026-06-15T07:00:00.000,0,0.019,0.023,0.021,0.43,3.08,2.78,0,19,6,11,29
2026-06-15T08:00:00.000,0,0.023,0.023,0.022,0.42,3.85,2.69,0,23,7,10,28
2026-06-15T09:00:00.000,0,0.025,0.023,0.023,0.42,4.29,2.64,0,25,8,10,29
2026-06-15T10:00:00.000,0,0.024,0.023,0.023,0.41,4.5,2.34,0,24,9,9,29
2026-06-15T11:00:00.000,,0.025,0.024,0.024,,4.85,1.82,,25,9,7,
2026-06-15T12:00:00.000,,0.027,0.025,0.024,,4.49,1.79,,27,8,7,
2026-06-15T13:00:00.000,0,0.026,0.026,0.024,0.43,3.82,2.13,0,26,7,8,32
2026-06-15T14:00:00.000,0.001,0.027,0.026,0.024,0.43,4.71,2.35,1,27,9,9,33
2026-06-15T15:00:00.000,0.001,0.027,0.027,0.025,0.43,5.43,2.84,1,27,10,11,34
2026-06-15T16:00:00.000,,,,0.026,,6.04,3.12,,,12,12,
2026-06-15T17:00:00.000,0.003,0.023,0.026,0.026,0.44,6.37,3.18,3,23,12,12,32
2026-06-15T18:00:00.000,0.009,0.011,0.02,0.024,0.46,6.47,3.15,7,11,12,12,26
2026-06-15T19:00:00.000,0.013,0.001,0.012,0.02,0.52,6.89,3.8,11,1,13,15,15
2026-06-15T20:00:00.000,0.012,0.001,0.009,0.017,0.56,7.69,4.48,10,1,15,17,17
2026-06-15T21:00:00.000,0.012,0.001,0.004,0.013,0.62,8.75,5.09,10,1,17,20,20
2026-06-15T22:00:00.000,0.011,0.001,0.001,0.009,0.7,9.75,5.8,9,1,19,23,23
2026-06-15T23:00:00.000,0.009,0.001,0.001,0.006,0.75,10.68,6.61,8,1,21,26,26
2026-06-16T00:00:00.000,0.004,0.005,0.002,0.006,0.72,11.54,7.39,3,5,23,29,29
2026-06-16T01:00:00.000,0.006,0.002,0.002,0.003,0.75,12.17,7.96,5,2,24,31,31
2026-06-16T02:00:00.000,0.006,0.001,0.002,0.002,0.78,12.93,8.38,5,1,25,33,33
2026-06-16T03:00:00.000,0.004,0,0.002,0.002,0.78,13.66,8.86,3,0,27,35,35
2026-06-16T04:00:00.000,0.002,0,0.001,0.001,0.79,14.47,9.46,2,0,28,37,37
2026-06-16T05:00:00.000,0.001,0,0,0.001,0.79,14.85,10.17,1,0,29,40,40
2026-06-16T06:00:00.000,0.001,0,0,0.001,0.79,15.09,10.89,0,0,30,43,43
2026-06-16T07:00:00.000,0.002,0,0,0.001,0.79,15.08,11.58,1,0,30,46,46
2026-06-16T08:00:00.000,0.003,0,0,0.001,0.83,15.12,12.01,2,0,30,48,48
2026-06-16T09:00:00.000,0.003,0.001,0.001,0,0.83,15.3,12.3,3,1,30,49,49
2026-06-16T10:00:00.000,0.004,0.004,0.001,0.001,0.82,15.44,12.49,3,4,30,49,49
2026-06-16T11:00:00.000,0.003,0.009,0.004,0.002,0.78,15.85,12.62,3,9,31,50,50
2026-06-16T12:00:00.000,0.004,0.012,0.007,0.003,0.74,16.73,12.62,3,12,33,50,50
2026-06-16T13:00:00.000,0.003,0.019,0.011,0.006,0.68,17.69,12.41,2,19,35,49,49
2026-06-16T14:00:00.000,0.001,0.022,0.016,0.009,0.62,17.02,12.23,1,22,34,48,48
2026-06-16T15:00:00.000,0,0.024,0.019,0.011,0.58,16.36,11.68,0,24,32,46,46
2026-06-16T16:00:00.000,,,,0.013,,15.91,11.37,,,31,45,
2026-06-16T17:00:00.000,0.001,0.023,0.023,0.016,0.51,15.27,11.24,1,23,30,44,44
2026-06-16T18:00:00.000,0.004,0.016,0.021,0.018,0.49,15.14,11.15,4,16,30,44,44
2026-06-16T19:00:00.000,0.012,0.004,0.014,0.017,0.51,14.85,10.52,10,4,29,42,42
2026-06-16T20:00:00.000,0.013,0.001,0.011,0.015,0.55,14.38,10.08,11,1,28,40,40
2026-06-16T21:00:00.000,0.01,0.001,0.005,0.013,0.6,13.92,9.84,8,1,27,39,39
2026-06-16T22:00:00.000,0.008,0.001,0.001,0.01,0.63,13.62,9.75,7,1,27,39,39
2026-06-16T23:00:00.000,0.007,0.001,0.001,0.007,0.66,13.25,9.62,5,1,26,38,38
2026-06-17T00:00:00.000,0.006,0.001,0.001,0.006,0.7,13.07,9.5,5,1,26,38,38
2026-06-17T01:00:00.000,0.006,0.001,0.001,0.003,0.76,13.31,9.65,5,1,26,38,38
2026-06-17T02:00:00.000,0.005,0,0.001,0.001,0.81,13.55,9.87,4,0,27,39,39
2026-06-17T03:00:00.000,0.004,0,0.001,0.001,0.82,13.47,10.08,3,0,26,40,40
2026-06-17T04:00:00.000,0.003,0,0,0.001,0.79,13.02,10.13,2,0,26,40,40
2026-06-17T05:00:00.000,0.002,0.001,0.001,0.001,0.77,12.87,9.94,1,1,25,39,39
2026-06-17T06:00:00.000,0.002,0.001,0.001,0.001,0.76,12.88,9.66,1,1,25,38,38
2026-06-17T07:00:00.000,0.003,0,0.001,0.001,0.77,12.96,9.36,2,0,25,37,37
2026-06-17T08:00:00.000,0.003,0,0.001,0.001,0.74,13.01,9.28,3,0,26,37,37
2026-06-17T09:00:00.000,0.003,0.001,0,0,0.71,13.08,9.29,3,1,26,37,37
2026-06-17T10:00:00.000,0.005,0,0,0,0.69,13,9.47,4,0,26,37,37
2026-06-17T11:00:00.000,0.005,0.002,0.001,0.001,0.69,12.41,9.74,4,2,24,38,38
2026-06-17T12:00:00.000,0.005,0.005,0.002,0.001,0.69,12.25,9.92,4,5,24,39,39
2026-06-17T13:00:00.000,0.006,0.005,0.003,0.002,0.69,12.14,10.09,5,5,24,40,40
2026-06-17T14:00:00.000,0.005,0.013,0.006,0.003,0.68,12.57,10.34,4,13,25,41,41
2026-06-17T15:00:00.000,0.003,0.016,0.01,0.005,0.66,12.9,10.58,3,16,25,42,42
2026-06-17T16:00:00.000,,,,0.006,,12.94,10.74,,,25,42,
2026-06-17T17:00:00.000,0.002,0.017,0.015,0.008,0.6,13.32,10.8,2,17,26,43,43
2026-06-17T18:00:00.000,0.008,0.01,0.014,0.01,0.57,13.57,10.9,7,10,27,43,43
2026-06-17T19:00:00.000,0.012,0.002,0.009,0.01,0.57,13.81,10.82,10,2,27,43,43
2026-06-17T20:00:00.000,0.012,0.001,0.007,0.009,0.61,13.91,10.74,10,1,27,42,42
2026-06-17T21:00:00.000,0.01,0.001,0.003,0.008,0.63,14.06,10.77,8,1,28,43,43
2026-06-17T22:00:00.000,0.008,0.001,0.001,0.007,0.7,14.32,10.82,6,1,28,43,43
2026-06-17T23:00:00.000,0.006,0.001,0.001,0.005,0.78,14.92,11.08,5,1,29,44,44
2026-06-18T00:00:00.000,0.004,0.001,0.001,0.004,0.81,15.29,11.49,3,1,30,45,45
2026-06-18T01:00:00.000,0.003,0.001,0.001,0.002,0.89,15.16,11.98,2,1,30,47,47
2026-06-18T02:00:00.000,0.001,0,0.001,0.001,0.96,14.78,12.46,1,0,29,49,49
2026-06-18T03:00:00.000,0.002,0,0.001,0.001,1.01,14.92,12.86,1,0,29,51,51
2026-06-18T04:00:00.000,0.002,0,0.001,0.001,1.02,15.46,13.21,2,0,30,52,52
2026-06-18T05:00:00.000,0.003,0,0,0.001,1.02,15.99,13.5,2,0,31,54,54
2026-06-18T06:00:00.000,0.003,0,0,0.001,0.99,16.3,13.67,2,0,32,54,54
2026-06-18T07:00:00.000,0.003,0.003,0.001,0.001,0.93,16.67,13.73,2,3,33,54,54
2026-06-18T08:00:00.000,0.005,0.003,0.002,0.001,0.86,16.55,13.53,4,3,33,54,54
2026-06-18T09:00:00.000,0.005,0.006,0.003,0.002,0.79,16.18,13.18,4,6,32,52,52
2026-06-18T10:00:00.000,0.005,0.01,0.006,0.003,0.72,16.11,12.75,4,10,32,51,51
2026-06-18T11:00:00.000,0.002,0.019,0.01,0.005,0.64,15.97,12.31,1,19,31,49,49
2026-06-18T12:00:00.000,,0.023,0.014,0.008,,15.27,11.97,,23,30,47,
2026-06-18T13:00:00.000,0,0.024,0.019,0.011,0.53,14.2,11.71,0,24,28,46,46
2026-06-18T14:00:00.000,0,0.025,0.023,0.014,0.48,13.85,11.41,0,25,27,45,45
2026-06-18T15:00:00.000,0,0.024,0.024,0.017,0.45,14.06,11.1,0,24,28,44,44
2026-06-18T16:00:00.000,,,,0.019,,14.34,10.85,,,28,43,
2026-06-18T17:00:00.000,0,0.022,0.024,0.021,0.43,14.35,10.75,0,22,28,43,43
2026-06-18T18:00:00.000,0,0.02,0.022,0.022,0.41,13.95,10.71,0,20,27,42,42
2026-06-18T19:00:00.000,0,0.02,0.021,0.023,0.4,13.32,10.75,0,20,26,43,43
2026-06-18T20:00:00.000,0,0.021,0.021,0.022,0.4,12.85,10.67,0,21,25,42,42
2026-06-18T21:00:00.000,0,0.021,0.021,0.022,0.4,12.21,10.34,0,21,24,41,41
2026-06-18T22:00:00.000,0,0.021,0.021,0.021,0.4,11.47,9.66,0,21,22,38,38
2026-06-18T23:00:00.000,0,0.023,0.021,0.021,0.4,10.54,8.72,0,23,21,34,34
2026-06-19T00:00:00.000,0,0.025,0.022,0.022,0.4,9.52,7.61,0,25,19,30,30
2026-06-19T01:00:00.000,0,0.028,0.024,0.022,0.4,8.58,6.36,0,28,17,25,30
2026-06-19T02:00:00.000,0,0.028,0.026,0.023,0.4,7.85,5.15,0,28,15,20,32
2026-06-19T03:00:00.000,0,0.028,0.027,0.024,0.4,6.8,3.98,0,28,13,15,34
2026-06-19T04:00:00.000,0,0.029,0.028,0.025,0.4,5.83,2.83,0,29,11,11,36
2026-06-19T05:00:00.000,0,0.029,0.029,0.026,0.4,5.1,1.91,0,29,10,7,36
2026-06-19T06:00:00.000,0,0.03,0.029,0.027,0.41,4.45,1.2,0,30,8,4,36
2026-06-19T07:00:00.000,0,0.028,0.029,0.028,0.42,3.67,0.67,0,28,7,2,36
2026-06-19T08:00:00.000,0,0.027,0.028,0.028,0.42,3.52,0.54,0,27,7,2,36
2026-06-19T09:00:00.000,0,0.025,0.027,0.028,0.42,3.67,0.96,0,25,7,3,34
2026-06-19T10:00:00.000,0,0.023,0.026,0.027,0.43,3.63,1.15,0,23,7,4,32
2026-06-19T11:00:00.000,0,0.024,0.025,0.027,0.42,3.42,1.09,0,24,6,4,31
2026-06-19T12:00:00.000,0,0.023,0.024,0.026,0.41,3.56,0.99,0,23,7,3,30
2026-06-19T13:00:00.000,0,0.029,0.025,0.026,0.41,4.18,0.89,0,29,8,3,31
2026-06-19T14:00:00.000,0,0.025,0.025,0.026,0.39,3.27,0.84,0,25,6,3,32
2026-06-19T15:00:00.000,0,0.025,0.025,0.025,0.37,2.15,1.04,0,25,4,4,32
2026-06-19T16:00:00.000,,,,0.025,,1.42,1.33,,,2,5,
2026-06-19T17:00:00.000,0,0.023,0.024,0.025,0.36,1.16,1.6,0,23,2,6,30
2026-06-19T18:00:00.000,0,0.021,0.023,0.024,0.34,1.36,1.82,0,21,2,7,29
2026-06-19T19:00:00.000,0,0.023,0.022,0.024,0.34,1.54,1.94,0,23,3,7,28
2026-06-19T20:00:00.000,0,0.024,0.023,0.024,0.34,1.39,1.91,0,24,2,7,28
2026-06-19T21:00:00.000,0,0.022,0.023,0.023,0.33,1.12,1.84,0,22,2,7,28
2026-06-19T22:00:00.000,0,0.021,0.023,0.023,0.33,0.82,1.89,0,21,1,7,28
2026-06-19T23:00:00.000,0,0.022,0.022,0.022,0.32,0.52,2,0,22,1,8,28
2026-06-20T00:00:00.000,0,0.021,0.022,0.022,0.31,0.51,2.08,0,21,1,8,27
2026-06-20T01:00:00.000,0,0.019,0.021,0.022,0.31,0.7,2.32,0,19,1,9,26
2026-06-20T02:00:00.000,0,0.022,0.021,0.022,0.31,0.97,2.99,0,22,1,11,27
2026-06-20T03:00:00.000,0,0.023,0.021,0.022,0.31,1.23,3.27,0,23,2,13,27
2026-06-20T04:00:00.000,0,0.022,0.022,0.022,0.31,1.19,3.31,0,22,2,13,27
2026-06-20T05:00:00.000,0,0.021,0.022,0.021,0.32,1.06,3.24,0,21,2,12,28
2026-06-20T06:00:00.000,0,0.021,0.022,0.021,0.31,0.89,3.23,0,21,1,12,27
2026-06-20T07:00:00.000,0,0.022,0.021,0.021,0.31,1.03,3.28,0,22,2,13,27
2026-06-20T08:00:00.000,0,0.021,0.021,0.021,0.31,0.95,3.21,0,21,1,12,27
2026-06-20T09:00:00.000,0,0.022,0.021,0.022,0.31,0.76,2.78,0,22,1,11,27
2026-06-20T10:00:00.000,0,0.021,0.021,0.022,0.3,0.6,2.66,0,21,1,10,27
2026-06-20T11:00:00.000,0,0.024,0.022,0.022,0.29,0.9,2.73,0,24,1,10,28
2026-06-20T12:00:00.000,0,0.027,0.023,0.022,0.28,1.17,2.85,0,27,2,11,29
2026-06-20T13:00:00.000,0,0.026,0.025,0.023,0.27,1.6,2.91,0,26,3,11,31
2026-06-20T14:00:00.000,0,0.027,0.026,0.024,0.27,2.69,2.91,0,27,5,11,33
2026-06-20T15:00:00.000,0,0.025,0.026,0.024,0.27,3.19,2.78,0,25,6,11,33
2026-06-20T16:00:00.000,,,,0.025,,2.91,2.72,,,5,10,
2026-06-20T17:00:00.000,0,0.023,0.025,0.025,0.27,2.41,2.78,0,23,4,11,31
2026-06-20T18:00:00.000,0,0.022,0.023,0.025,0.27,2.59,2.86,0,22,5,11,29
2026-06-20T19:00:00.000,0,0.02,0.021,0.024,0.27,2.96,2.93,0,20,5,11,27
2026-06-20T20:00:00.000,0,0.02,0.021,0.023,0.27,3.24,3.05,0,20,6,12,26
2026-06-20T21:00:00.000,0.001,0.017,0.02,0.022,0.28,3.45,3.14,1,17,6,12,25
2026-06-20T22:00:00.000,0,0.017,0.018,0.021,0.28,3.74,3.82,0,17,7,15,23
2026-06-20T23:00:00.000,0,0.017,0.018,0.019,0.29,4.07,4.24,0,17,8,16,22
2026-06-21T00:00:00.000,0,0.014,0.016,0.019,0.29,4.26,4.3,0,14,8,17,20
2026-06-21T01:00:00.000,0.001,0.01,0.014,0.017,0.31,4.45,4.06,1,10,8,16,18
2026-06-21T02:00:00.000,0,0.01,0.012,0.015,0.32,4.44,3.27,0,10,8,13,16
2026-06-21T03:00:00.000,0.001,0.006,0.01,0.014,0.35,4.43,3.06,1,6,8,12,12
2026-06-21T04:00:00.000,0,0.004,0.007,0.012,0.37,5.66,3.32,0,4,11,13,13
2026-06-21T05:00:00.000,0,0.003,0.006,0.01,0.39,5.96,3.79,0,3,11,15,15
2026-06-21T06:00:00.000,0,0.01,0.006,0.009,0.39,6.69,4.22,0,10,13,16,16
2026-06-21T07:00:00.000,0,0.018,0.009,0.009,0.38,6.31,4.57,0,18,12,18,18
2026-06-21T08:00:00.000,0,0.017,0.012,0.01,0.37,5.81,4.72,0,17,11,18,18
2026-06-21T09:00:00.000,0,0.018,0.016,0.011,0.35,5.47,4.71,0,18,10,18,20
2026-06-21T10:00:00.000,0,0.018,0.018,0.012,0.33,5.55,4.57,0,18,11,18,23
2026-06-21T11:00:00.000,0,0.018,0.018,0.013,0.3,5.53,4.52,0,18,11,18,22
2026-06-21T12:00:00.000,0,0.019,0.018,0.015,0.27,5.47,4.49,0,19,10,17,23
2026-06-21T13:00:00.000,0,0.02,0.019,0.017,0.24,5.7,4.47,0,20,11,17,24
2026-06-21T14:00:00.000,0,0.022,0.02,0.019,0.23,5.2,4.52,0,22,10,18,25
2026-06-21T15:00:00.000,0,0.028,0.022,0.02,0.22,5.3,4.52,0,28,10,18,28
2026-06-21T16:00:00.000,,,,0.02,,5.69,4.42,,,11,17,
2026-06-21T17:00:00.000,0,0.023,0.024,0.021,0.22,6.01,4.36,0,23,12,17,30
2026-06-21T18:00:00.000,0.001,0.016,0.022,0.021,0.22,5.78,4.39,1,16,11,17,28
2026-06-21T19:00:00.000,0,0.022,0.02,0.021,0.22,5.57,4.43,0,22,11,17,26
2026-06-21T20:00:00.000,0.002,0.019,0.02,0.021,0.22,5.46,4.37,1,19,10,17,25
2026-06-21T21:00:00.000,0.001,0.018,0.019,0.021,0.23,5.38,4.29,1,18,10,17,23
2026-06-21T22:00:00.000,0,0.017,0.019,0.02,0.23,5.28,3.55,0,17,10,14,24
2026-06-21T23:00:00.000,0.002,0.01,0.016,0.018,0.24,4.87,3.1,1,10,9,12,20
2026-06-22T00:00:00.000,0,0.011,0.014,0.017,0.25,4.54,3.23,0,11,9,12,17
2026-06-22T01:00:00.000,0.002,0.006,0.011,0.015,0.27,5.03,3.49,2,6,10,13,14
2026-06-22T02:00:00.000,0,0.01,0.009,0.014,0.27,5.69,3.82,0,10,11,15,15
2026-06-22T03:00:00.000,0,0.007,0.008,0.012,0.28,4.87,4.04,0,7,9,16,16
2026-06-22T04:00:00.000,0,0.003,0.006,0.01,0.29,3.9,4.12,0,3,7,16,16
2026-06-22T05:00:00.000,0,0.002,0.005,0.008,0.3,4.21,4.08,0,2,8,16,16
2026-06-22T06:00:00.000,0.001,0.002,0.003,0.006,0.31,2.98,3.93,1,2,5,15,15
2026-06-22T07:00:00.000,0.003,0.001,0.002,0.005,0.31,4.11,3.77,2,1,8,15,15
2026-06-22T08:00:00.000,0.005,0.001,0.001,0.004,0.33,3.94,3.83,4,1,7,15,15
2026-06-22T09:00:00.000,0.005,0.006,0.002,0.004,0.31,4.44,4.07,4,6,8,16,16
2026-06-22T10:00:00.000,0.002,0.015,0.005,0.004,0.31,4.29,4.48,2,15,8,17,17
2026-06-22T11:00:00.000,0,0.019,0.01,0.006,0.29,3.79,4.76,0,19,7,19,19
2026-06-22T12:00:00.000,0,0.022,0.015,0.008,0.28,3.62,4.8,0,22,7,19,22
2026-06-22T13:00:00.000,0,0.023,0.019,0.011,0.26,3.28,4.7,0,23,6,18,24
2026-06-22T14:00:00.000,0,0.022,0.021,0.013,0.24,3.71,4.56,0,22,7,18,27
2026-06-22T15:00:00.000,0,0.019,0.021,0.016,0.22,3.5,4.5,0,19,7,18,27
2026-06-22T16:00:00.000,,,,0.018,,3.47,4.49,,,6,17,
2026-06-22T17:00:00.000,0.001,0.017,0.019,0.019,0.18,3.49,4.36,0,17,6,17,24
2026-06-22T18:00:00.000,0.003,0.012,0.016,0.019,0.18,3.33,4.11,2,12,6,16,20
2026-06-22T19:00:00.000,0.001,0.017,0.015,0.019,0.18,3.28,3.94,1,17,6,15,19
2026-06-22T20:00:00.000,0.003,0.016,0.016,0.018,0.19,3.14,3.88,2,16,6,15,20
2026-06-22T21:00:00.000,0.01,0.004,0.012,0.015,0.22,3.06,3.92,8,4,6,15,16
2026-06-22T22:00:00.000,0.01,0.002,0.01,0.012,0.27,3.19,4.16,9,2,6,16,16
2026-06-22T23:00:00.000,0.009,0.002,0.006,0.01,0.34,3.61,4.65,7,2,7,18,18
2026-06-23T00:00:00.000,0.006,0.002,0.002,0.009,0.38,4.24,5.24,5,2,8,20,20
2026-06-23T01:00:00.000,0.005,0.002,0.002,0.007,0.45,4.71,6.09,4,2,9,24,24
2026-06-23T02:00:00.000,0.003,0.001,0.002,0.006,0.5,5.3,7.08,3,1,10,28,28
2026-06-23T03:00:00.000,0.002,0.001,0.002,0.004,0.56,6.98,7.94,2,1,13,31,31
2026-06-23T04:00:00.000,0.001,0.001,0.001,0.002,0.61,7.67,8.7,1,1,15,34,34
2026-06-23T05:00:00.000,0.001,0.001,0.001,0.001,0.64,7.83,9.42,1,1,15,37,37
2026-06-23T06:00:00.000,0.001,0.001,0.001,0.001,0.66,9.05,10.1,1,1,18,40,40
2026-06-23T07:00:00.000,0.002,0.001,0.001,0.001,0.67,8.91,10.7,2,1,17,42,42
2026-06-23T08:00:00.000,0.004,0.001,0.001,0.001,0.67,10.07,11.11,3,1,20,44,44
2026-06-23T09:00:00.000,0.004,0.002,0.001,0.001,0.66,10.43,11.58,4,2,20,46,46
2026-06-23T10:00:00.000,0.005,0.004,0.002,0.001,0.64,11.11,12.14,4,4,22,48,48
2026-06-23T11:00:00.000,0.004,0.008,0.004,0.002,0.59,12.33,12.53,3,8,24,50,50
2026-06-23T12:00:00.000,0.005,0.01,0.006,0.003,0.54,12.74,12.91,4,10,25,51,51
2026-06-23T13:00:00.000,0.004,0.013,0.008,0.005,0.49,12.81,13.32,3,13,25,53,53
2026-06-23T14:00:00.000,0.003,0.016,0.012,0.007,0.43,12.92,13.54,2,16,25,54,54
2026-06-23T15:00:00.000,0.002,0.016,0.014,0.009,0.37,13.45,13.59,2,16,26,54,54
2026-06-23T16:00:00.000,,,,0.01,,13.74,13.54,,,27,54,
2026-06-23T17:00:00.000,0.003,0.012,0.015,0.011,0.26,13.89,13.51,3,12,27,54,54
2026-06-23T18:00:00.000,0.01,0.001,0.01,0.011,0.24,13.9,13.55,8,1,27,54,54
2026-06-23T19:00:00.000,0.009,0.001,0.005,0.01,0.29,14.07,13.71,7,1,28,54,54
2026-06-23T20:00:00.000,0.008,0.001,0.004,0.009,0.36,14.82,14.27,7,1,29,57,57
2026-06-23T21:00:00.000,0.006,0.002,0.002,0.007,0.47,15.77,15.19,5,2,31,60,60
2026-06-23T22:00:00.000,0.007,0.002,0.002,0.005,0.54,16.67,16.27,6,2,33,65,65
2026-06-23T23:00:00.000,0.005,0.006,0.003,0.004,0.55,17.45,16.94,4,6,34,67,67
2026-06-24T00:00:00.000,0.004,0.009,0.005,0.004,0.5,17.61,16.92,3,9,35,67,67
2026-06-24T01:00:00.000,0.003,0.009,0.006,0.004,0.51,16.79,16.5,3,9,33,66,66
2026-06-24T02:00:00.000,0.003,0.008,0.008,0.005,0.49,15.81,15.77,2,8,31,63,63
2026-06-24T03:00:00.000,0.002,0.008,0.008,0.006,0.43,15.22,15.04,2,8,30,60,60
2026-06-24T04:00:00.000,0.001,0.008,0.008,0.006,0.36,14.57,14.31,1,8,29,57,57
2026-06-24T05:00:00.000,0,0.007,0.008,0.007,0.26,13.74,13.67,0,7,27,54,54
2026-06-24T06:00:00.000,0,0.006,0.007,0.008,0.19,13.03,13.13,0,6,26,52,52
2026-06-24T07:00:00.000,0.002,0.004,0.006,0.007,0.18,12.28,12.7,1,4,24,50,50
2026-06-24T08:00:00.000,0.002,0.003,0.005,0.006,0.18,12.24,12.18,2,3,24,48,48
2026-06-24T09:00:00.000,0.002,0.004,0.004,0.006,0.17,11.85,11.52,1,4,23,46,46
2026-06-24T10:00:00.000,0.002,0.005,0.004,0.005,0.18,11.45,10.69,1,5,22,42,42
2026-06-24T11:00:00.000,0.001,0.007,0.004,0.005,0.18,10.69,10.2,1,7,21,40,40
2026-06-24T12:00:00.000,0.001,0.011,0.007,0.006,0.18,11.06,9.87,1,11,22,39,39
2026-06-24T13:00:00.000,0.001,0.016,0.01,0.007,0.18,11.4,9.66,0,16,22,38,38
2026-06-24T14:00:00.000,0,0.023,0.014,0.009,0.18,11.19,9.58,0,23,22,38,38
2026-06-24T15:00:00.000,0,0.027,0.019,0.012,0.18,10.95,9.59,0,27,21,38,38
2026-06-24T16:00:00.000,,,,0.013,,10.88,9.53,,,21,38,
2026-06-24T17:00:00.000,0,0.026,0.025,0.016,0.18,10.44,9.5,0,26,20,38,38
2026-06-24T18:00:00.000,0,0.025,0.026,0.019,0.16,10.45,9.47,0,25,20,37,37
2026-06-24T19:00:00.000,0.005,0.016,0.022,0.021,0.16,10.14,9.19,4,16,20,36,36
2026-06-24T20:00:00.000,0.01,0.008,0.019,0.02,0.18,9.45,8.58,8,8,18,34,34
2026-06-24T21:00:00.000,0.012,0.003,0.013,0.018,0.21,8.65,7.77,10,3,17,31,31
2026-06-24T22:00:00.000,0.011,0.002,0.007,0.015,0.25,7.47,7.3,9,2,14,29,29
2026-06-24T23:00:00.000,0.01,0.001,0.004,0.012,0.32,6.75,7,8,1,13,28,28
2026-06-25T00:00:00.000,0.007,0.001,0.002,0.01,0.35,6.56,7.06,6,1,13,28,28
2026-06-25T01:00:00.000,0.006,0.001,0.001,0.007,0.42,6.86,7.25,5,1,13,29,29
2026-06-25T02:00:00.000,0.004,0.001,0.001,0.004,0.5,7.73,7.66,3,1,15,30,30
2026-06-25T03:00:00.000,0.003,0.001,0.001,0.002,0.57,8.5,8.23,2,1,17,32,32
2026-06-25T04:00:00.000,0.001,0.001,0.001,0.001,0.61,9.19,8.77,1,1,18,35,35
2026-06-25T05:00:00.000,0.001,0,0.001,0.001,0.65,9.95,9.22,1,0,19,36,36
2026-06-25T06:00:00.000,0.002,0,0.001,0.001,0.67,10.53,9.52,1,0,21,38,38
2026-06-25T07:00:00.000,0.002,0,0,0.001,0.68,10.97,9.73,2,0,21,38,38
2026-06-25T08:00:00.000,0.004,0.001,0,0.001,0.71,10.99,10.04,3,1,21,40,40
2026-06-25T09:00:00.000,0.006,0.001,0.001,0.001,0.71,11.68,10.4,5,1,23,41,41
2026-06-25T10:00:00.000,0.005,0.007,0.002,0.001,0.66,12.24,10.82,4,7,24,43,43
2026-06-25T11:00:00.000,0.002,0.015,0.006,0.003,0.6,12.55,11.07,2,15,25,44,44
2026-06-25T12:00:00.000,0,0.024,0.012,0.006,0.54,11.9,11.18,0,24,23,44,44
2026-06-25T13:00:00.000,0,0.025,0.018,0.009,0.47,11.54,11.11,0,25,23,44,44
2026-06-25T14:00:00.000,0,0.024,0.022,0.012,0.42,11.46,11.01,0,24,22,44,44
2026-06-25T15:00:00.000,0,0.025,0.025,0.015,0.35,11.32,10.9,0,25,22,43,43
2026-06-25T16:00:00.000,,,,0.017,,11.03,10.93,,,22,43,
2026-06-25T17:00:00.000,0,0.024,0.024,0.021,0.21,11.44,10.74,0,24,22,42,42
2026-06-25T18:00:00.000,0.006,0.014,0.021,0.022,0.19,11.59,10.39,5,14,23,41,41
2026-06-25T19:00:00.000,0.015,0.003,0.014,0.02,0.2,11.88,10.32,12,3,23,41,41
2026-06-25T20:00:00.000,0.016,0.001,0.011,0.017,0.22,12.35,10.79,13,1,24,43,43
2026-06-25T21:00:00.000,0.007,0.014,0.008,0.015,0.23,12.7,10.94,5,14,25,43,43
2026-06-25T22:00:00.000,0.002,0.02,0.009,0.014,0.23,12.77,10.18,1,20,25,40,40
2026-06-25T23:00:00.000,0.004,0.011,0.012,0.013,0.23,12.44,9.27,3,11,24,37,37
2026-06-26T00:00:00.000,0.004,0.005,0.012,0.012,0.24,11.89,8.45,3,5,23,33,33
2026-06-26T01:00:00.000,0.002,0.006,0.01,0.009,0.25,10.92,7.8,1,6,21,31,31
2026-06-26T02:00:00.000,0.002,0.003,0.006,0.008,0.28,9.41,7.36,2,3,18,29,29
2026-06-26T03:00:00.000,0.002,0.001,0.004,0.008,0.31,8.33,7.02,2,1,16,28,28
2026-06-26T04:00:00.000,0.001,0.001,0.003,0.008,0.33,8.23,6.77,1,1,16,27,27
2026-06-26T05:00:00.000,0.001,0,0.001,0.006,0.37,8.05,6.51,1,0,16,26,26
2026-06-26T06:00:00.000,0.001,0.001,0.001,0.004,0.42,8.11,6.39,1,1,16,25,25
2026-06-26T07:00:00.000,0.001,0.003,0.001,0.002,0.43,8.45,6.47,1,3,16,25,25
2026-06-26T08:00:00.000,0.001,0.008,0.003,0.003,0.42,8.22,6.44,1,8,16,25,25
2026-06-26T09:00:00.000,0.001,0.011,0.006,0.003,0.39,7.39,6.29,0,11,14,25,25
2026-06-26T10:00:00.000,0.002,0.01,0.008,0.004,0.37,6.59,6.13,2,10,13,24,24
2026-06-26T11:00:00.000,0.002,0.013,0.01,0.006,0.34,6.33,6.01,1,13,12,24,24
2026-06-26T12:00:00.000,0.001,0.021,0.014,0.008,0.3,6.88,5.95,1,21,13,23,23
2026-06-26T13:00:00.000,0.002,0.024,0.017,0.011,0.25,7.15,5.97,1,24,14,23,24
2026-06-26T14:00:00.000,0.001,0.024,0.021,0.014,0.2,7.21,5.97,1,24,14,23,26
2026-06-26T15:00:00.000,0.001,0.028,0.024,0.017,0.18,7.51,5.95,0,28,15,23,31
2026-06-26T16:00:00.000,,,,0.019,,8.01,5.86,,,16,23,
2026-06-26T17:00:00.000,0.005,0.021,0.025,0.02,0.19,8.03,5.86,4,21,16,23,31
2026-06-26T18:00:00.000,0.012,0.005,0.018,0.02,0.21,7.72,5.94,10,5,15,23,23
2026-06-26T19:00:00.000,0.015,0.001,0.009,0.018,0.27,7.53,6.12,12,1,15,24,24
2026-06-26T20:00:00.000,0.012,0.001,0.007,0.015,0.37,7.47,6.18,10,1,14,24,24
2026-06-26T21:00:00.000,0.011,0.001,0.002,0.012,0.48,7.87,6.81,9,1,15,27,27
2026-06-26T22:00:00.000,0.009,0.001,0.001,0.008,0.54,8.65,7.97,7,1,17,31,31
2026-06-26T23:00:00.000,0.008,0.001,0.001,0.005,0.63,9.43,9.15,6,1,18,36,36
2026-06-27T00:00:00.000,0.007,0.001,0.001,0.004,0.61,10.36,10.21,6,1,20,40,40
2026-06-27T01:00:00.000,0.001,0.007,0.003,0.002,0.61,10.91,10.83,1,7,21,43,43
2026-06-27T02:00:00.000,0.002,0.005,0.004,0.002,0.61,11.21,10.87,1,5,22,43,43
2026-06-27T03:00:00.000,0.002,0.002,0.004,0.002,0.57,11.89,10.62,2,2,23,42,42
2026-06-27T04:00:00.000,0.002,0.001,0.004,0.002,0.52,11.59,10.32,2,1,23,41,41
2026-06-27T05:00:00.000,0.002,0.001,0.002,0.002,0.47,11.53,10.15,1,1,23,40,40
2026-06-27T06:00:00.000,0.001,0,0.001,0.002,0.44,11.43,10.04,1,0,22,40,40
2026-06-27T07:00:00.000,0.002,0,0.001,0.002,0.41,11.06,9.84,1,0,22,39,39
2026-06-27T08:00:00.000,0.003,0.001,0.001,0.002,0.4,11.07,9.81,2,1,22,39,39
2026-06-27T09:00:00.000,0.002,0.006,0.002,0.002,0.41,11.48,9.9,2,6,22,39,39
2026-06-27T10:00:00.000,0,0.013,0.005,0.003,0.38,11.9,9.86,0,13,23,39,39
2026-06-27T11:00:00.000,0,0.015,0.009,0.005,0.36,12.01,9.76,0,15,24,39,39
2026-06-27T12:00:00.000,0,0.018,0.013,0.007,0.31,11.68,9.64,0,18,23,38,38
2026-06-27T13:00:00.000,0,0.023,0.017,0.009,0.26,11.29,9.54,0,23,22,38,38
2026-06-27T14:00:00.000,0,0.026,0.02,0.013,0.22,10.8,9.57,0,26,21,38,38
2026-06-27T15:00:00.000,0,0.027,0.023,0.016,0.18,10.32,9.67,0,27,20,38,38
2026-06-27T16:00:00.000,,,,0.018,,9.97,9.85,,,19,39,
2026-06-27T17:00:00.000,0.002,0.02,0.024,0.02,0.13,10.08,10.1,1,20,20,40,40
2026-06-27T18:00:00.000,0.004,0.015,0.021,0.02,0.14,10.51,10.4,3,15,21,41,41
2026-06-27T19:00:00.000,0.008,0.012,0.016,0.02,0.16,10.67,10.47,6,12,21,41,41
2026-06-27T20:00:00.000,0.006,0.012,0.015,0.019,0.18,10.66,10.18,5,12,21,40,40
2026-06-27T21:00:00.000,0.004,0.016,0.014,0.018,0.19,10.22,9.52,3,16,20,38,38
2026-06-27T22:00:00.000,0.003,0.014,0.013,0.016,0.2,9.48,8.52,2,14,18,34,34
2026-06-27T23:00:00.000,0.007,0.005,0.012,0.013,0.25,9.1,7.59,6,5,18,30,30
2026-06-28T00:00:00.000,0.009,0.002,0.009,0.012,0.31,9.22,7.07,7,2,18,28,28
2026-06-28T01:00:00.000,0.008,0.003,0.006,0.01,0.38,10.18,7.25,6,3,20,29,29
2026-06-28T02:00:00.000,0.007,0.002,0.003,0.008,0.45,11.29,7.99,6,2,22,31,31
2026-06-28T03:00:00.000,0.004,0.004,0.003,0.007,0.48,11.74,8.8,3,4,23,35,35
2026-06-28T04:00:00.000,0.002,0.005,0.004,0.006,0.48,12.23,9.47,2,5,24,37,37
2026-06-28T05:00:00.000,0.001,0.007,0.005,0.005,0.48,12.37,9.92,0,7,24,39,39
2026-06-28T06:00:00.000,0,0.009,0.006,0.005,0.48,12.27,10.06,0,9,24,40,40
2026-06-28T07:00:00.000,0.001,0.008,0.007,0.005,0.44,12.05,10,0,8,24,40,40
2026-06-28T08:00:00.000,0.002,0.013,0.009,0.006,0.37,11.8,9.79,1,13,23,39,39
2026-06-28T09:00:00.000,0.002,0.015,0.011,0.008,0.3,11.47,9.44,1,15,22,37,37
2026-06-28T10:00:00.000,0.001,0.021,0.014,0.01,0.23,11.02,9.11,0,21,22,36,36
2026-06-28T11:00:00.000,0,0.023,0.018,0.013,0.18,10.62,8.82,0,23,21,35,35
2026-06-28T12:00:00.000,0,0.025,0.021,0.015,0.15,10.18,8.66,0,25,20,34,34
2026-06-28T13:00:00.000,0,0.022,0.023,0.017,0.13,9.93,8.63,0,22,19,34,34
2026-06-28T14:00:00.000,0,0.026,0.024,0.019,0.13,10.15,8.59,0,26,20,34,34
2026-06-28T15:00:00.000,0,0.026,0.025,0.021,0.12,10.24,8.56,0,26,20,34,34
2026-06-28T16:00:00.000,,,,0.023,,10.25,8.51,,,20,34,
2026-06-28T17:00:00.000,0.002,0.022,0.025,0.024,0.11,10.25,8.3,1,22,20,33,33
2026-06-28T18:00:00.000,0.002,0.021,0.023,0.024,0.11,10.17,7.93,1,21,20,31,31
2026-06-28T19:00:00.000,0.005,0.011,0.018,0.022,0.14,10.16,7.77,4,11,20,31,31
2026-06-28T20:00:00.000,0.004,0.017,0.018,0.021,0.15,10.08,8.17,4,17,20,32,32
2026-06-28T21:00:00.000,0.005,0.009,0.014,0.019,0.18,9.91,8.18,4,9,19,32,32
2026-06-28T22:00:00.000,0.007,0.004,0.01,0.016,0.22,9.96,8.04,6,4,19,32,32
2026-06-28T23:00:00.000,0.007,0.001,0.008,0.012,0.27,9.93,8.02,6,1,19,32,32
2026-06-29T00:00:00.000,0.006,0.002,0.004,0.011,0.31,9.57,7.97,5,2,19,31,31
2026-06-29T01:00:00.000,0.004,0.002,0.002,0.008,0.36,9.13,7.8,3,2,18,31,31
2026-06-29T02:00:00.000,0.003,0.002,0.002,0.006,0.41,8.79,7.56,3,2,17,30,30
2026-06-29T03:00:00.000,0.002,0.002,0.002,0.005,0.45,8.26,7.3,2,2,16,29,29
2026-06-29T04:00:00.000,0.002,0.002,0.002,0.003,0.5,8.03,7.21,1,2,16,28,28
2026-06-29T05:00:00.000,0.001,0.003,0.002,0.002,0.52,8.13,7.23,1,3,16,28,28
2026-06-29T06:00:00.000,0.002,0.004,0.003,0.002,0.51,8.39,7.35,1,4,16,29,29
2026-06-29T07:00:00.000,0.004,0.001,0.003,0.002,0.5,8.76,7.44,3,1,17,29,29
2026-06-29T08:00:00.000,0.006,0.002,0.003,0.002,0.45,9.3,7.55,5,2,18,30,30
2026-06-29T09:00:00.000,0.008,0.001,0.002,0.002,0.44,9.37,7.87,7,1,18,31,31
2026-06-29T10:00:00.000,0.009,0.003,0.002,0.002,0.42,9.76,8.34,8,3,19,33,33
2026-06-29T11:00:00.000,0.006,0.009,0.004,0.003,0.37,10.1,8.85,5,9,20,35,35
2026-06-29T12:00:00.000,0.001,0.017,0.007,0.005,0.31,9.79,9.21,1,17,19,36,36
2026-06-29T13:00:00.000,0.001,0.019,0.012,0.007,0.28,10.12,9.41,1,19,20,37,37
2026-06-29T14:00:00.000,0.004,0.017,0.015,0.009,0.25,10.26,9.5,3,17,20,38,38
2026-06-29T15:00:00.000,0.003,0.017,0.017,0.011,0.22,10.42,9.54,3,17,20,38,38
2026-06-29T16:00:00.000,,,,0.012,,10.71,9.58,,,21,38,
2026-06-29T17:00:00.000,0.007,0.01,0.015,0.013,0.17,10.64,9.69,6,10,21,38,38
2026-06-29T18:00:00.000,0.011,0.004,0.011,0.013,0.15,10.78,10.33,9,4,21,41,41
2026-06-29T19:00:00.000,0.013,0.002,0.006,0.012,0.16,10.8,10.67,10,2,21,42,42
2026-06-29T20:00:00.000,0.013,0.001,0.005,0.01,0.2,10.79,10.2,11,1,21,40,40
2026-06-29T21:00:00.000,0.013,0.001,0.002,0.007,0.25,11.02,10.04,10,1,22,40,40
2026-06-29T22:00:00.000,0.01,0.001,0.001,0.005,0.33,11.44,10.34,9,1,22,41,41
2026-06-29T23:00:00.000,0.009,0.001,0.001,0.003,0.41,11.75,10.68,7,1,23,42,42
2026-06-30T00:00:00.000,0.008,0.001,0.001,0.003,0.45,11.98,10.96,6,1,23,43,43
2026-06-30T01:00:00.000,0.005,0.001,0.001,0.002,0.54,11.82,11.08,4,1,23,44,44
2026-06-30T02:00:00.000,0.003,0.001,0.001,0.001,0.6,11.84,11.2,3,1,23,44,44
2026-06-30T03:00:00.000,0.003,0.001,0.001,0.001,0.64,12.11,11.4,2,1,24,45,45
2026-06-30T04:00:00.000,0.002,0,0.001,0.001,0.66,11.96,11.51,2,0,23,46,46
2026-06-30T05:00:00.000,0.002,0,0.001,0.001,0.69,11.84,11.57,1,0,23,46,46
2026-06-30T06:00:00.000,0.002,0,0,0.001,0.68,11.96,11.75,2,0,23,47,47
2026-06-30T07:00:00.000,0.002,0,0,0.001,0.68,12.17,12.09,1,0,24,48,48
2026-06-30T08:00:00.000,0.003,0.001,0,0.001,0.69,12.33,12.52,2,1,24,50,50
2026-06-30T09:00:00.000,0.005,0.001,0.001,0.001,0.67,12.98,12.98,4,1,25,51,51
2026-06-30T10:00:00.000,0.006,0.006,0.002,0.001,0.63,13.77,13.34,5,6,27,53,53
2026-06-30T11:00:00.000,0.007,0.008,0.004,0.002,0.59,14.31,13.56,5,8,28,54,54
2026-06-30T12:00:00.000,0.007,0.008,0.006,0.003,0.54,15.05,13.7,6,8,30,54,54
2026-06-30T13:00:00.000,0.005,0.012,0.008,0.005,0.47,15.04,13.81,4,12,30,55,55
2026-06-30T14:00:00.000,0.005,0.01,0.009,0.006,0.41,14.96,14.01,4,10,29,56,56
2026-06-30T15:00:00.000,0.004,0.01,0.01,0.007,0.33,14.89,14.19,3,10,29,56,56
2026-06-30T16:00:00.000,,,,0.008,,14.94,14.27,,,29,57,
2026-06-30T17:00:00.000,0.005,0.014,0.012,0.01,0.18,15.15,14.45,4,14,30,57,57
2026-06-30T18:00:00.000,0.003,0.017,0.014,0.011,0.13,15.13,14.19,2,17,30,56,56
2026-06-30T19:00:00.000,0.004,0.016,0.016,0.012,0.11,15.08,13.86,3,16,30,55,55
2026-06-30T20:00:00.000,0.002,0.018,0.016,0.014,0.09,14.79,13.59,1,18,29,54,54
2026-06-30T21:00:00.000,0,0.02,0.018,0.015,0.07,14.19,13.23,0,20,28,52,52
2026-06-30T22:00:00.000,0,0.02,0.019,0.017,0.06,13.51,12.63,0,20,27,50,50
2026-06-30T23:00:00.000,0,0.02,0.02,0.018,0.04,12.68,11.86,0,20,25,47,47
2026-07-01T00:00:00.000,0,0.02,0.02,0.018,0.04,11.77,10.89,0,20,23,43,43
2026-07-01T01:00:00.000,0,0.021,0.02,0.019,0.03,11.02,9.94,0,21,22,39,39
2026-07-01T02:00:00.000,0,0.022,0.021,0.02,0.02,10.11,9.3,0,22,20,37,37
2026-07-01T03:00:00.000,0,0.02,0.021,0.02,0.01,9.14,8.36,0,20,18,33,33
2026-07-01T04:00:00.000,0,0.02,0.021,0.02,0.01,8.47,7.29,0,20,16,29,29
2026-07-01T05:00:00.000,0,0.02,0.021,0.02,0.01,7.78,6.18,0,20,15,24,26
2026-07-01T06:00:00.000,0,0.021,0.02,0.02,0,7.09,5.66,0,21,14,22,26
2026-07-01T07:00:00.000,0,0.02,0.02,0.02,0,6.4,5.1,0,20,12,20,26
2026-07-01T08:00:00.000,0.002,0.017,0.02,0.02,0,5.7,4.32,1,17,11,17,25
2026-07-01T09:00:00.000,0.002,0.018,0.019,0.02,0,4.78,3.31,2,18,9,13,24
2026-07-01T10:00:00.000,0,0.021,0.019,0.02,0,3.5,2.46,0,21,7,9,24
2026-07-01T11:00:00.000,0,0.024,0.02,0.02,0,2.56,2.38,0,24,5,9,25
2026-07-01T12:00:00.000,0,0.026,0.022,0.021,0,2.06,2.14,0,26,4,8,28
2026-07-01T13:00:00.000,0,0.027,0.024,0.022,0,1.53,1.74,0,27,3,6,30
2026-07-01T14:00:00.000,0,0.027,0.026,0.022,0,1.36,1.33,0,27,2,5,32
2026-07-01T15:00:00.000,0,0.026,0.026,0.023,0,1.06,1.04,0,26,2,4,33
2026-07-01T16:00:00.000,,,,0.024,,0.51,0.86,,,1,3,
2026-07-01T17:00:00.000,0.001,0.021,0.025,0.025,0,0.15,0.85,0,21,0,3,31
2026-07-01T18:00:00.000,0.004,0.016,0.021,0.024,0,0,1.19,3,16,0,4,27
2026-07-01T19:00:00.000,0.007,0.011,0.016,0.022,0,0.02,1.33,6,11,0,5,21
2026-07-01T20:00:00.000,0.006,0.01,0.015,0.02,0,0.39,1.42,5,10,0,5,19
2026-07-01T21:00:00.000,0.005,0.015,0.013,0.018,0.01,1.08,1.62,4,15,2,6,17
2026-07-01T22:00:00.000,0,0.025,0.015,0.018,0.01,1.56,1.79,0,25,3,7,25
2026-07-01T23:00:00.000,0,0.027,0.019,0.018,0.01,1.99,1.82,0,27,3,7,27
2026-07-02T00:00:00.000,0,0.03,0.024,0.02,0,2.38,1.72,0,30,4,6,30
2026-07-02T01:00:00.000,0,0.033,0.029,0.021,0,2.42,1.45,0,33,4,5,36
2026-07-02T02:00:00.000,0,0.032,0.03,0.023,0,2.26,0.66,0,32,4,2,38
2026-07-02T03:00:00.000,0,0.031,0.031,0.025,0,2.12,0.43,0,31,4,1,39
2026-07-02T04:00:00.000,0,0.029,0.031,0.028,0,1.8,0.87,0,29,3,3,39
2026-07-02T05:00:00.000,0,0.031,0.031,0.03,0,1.59,1.17,0,31,3,4,39
2026-07-02T06:00:00.000,0,0.031,0.031,0.031,0,1.04,0.8,0,31,2,3,39
2026-07-02T07:00:00.000,0,0.029,0.03,0.031,0,0.73,0.45,0,29,1,1,38
2026-07-02T08:00:00.000,0,0.027,0.03,0.03,0,0.56,0.4,0,27,1,1,37
2026-07-02T09:00:00.000,0,0.029,0.029,0.03,0,0.62,0.54,0,29,1,2,36
2026-07-02T10:00:00.000,0,0.029,0.028,0.03,0,1.08,0.63,0,29,2,2,36
2026-07-02T11:00:00.000,0,0.03,0.028,0.029,0,1.55,0.19,0,30,3,0,36
2026-07-02T12:00:00.000,0,0.029,0.029,0.029,0,1.53,0.1,0,29,3,0,36
2026-07-02T13:00:00.000,0,0.029,0.029,0.029,0,2.32,0.24,0,29,4,0,37
2026-07-02T14:00:00.000,0,0.03,0.03,0.029,0,2.84,0.45,0,30,5,1,37
2026-07-02T15:00:00.000,0,0.03,0.03,0.029,0,3.36,1.11,0,30,6,4,37
2026-07-02T16:00:00.000,,,,0.029,,3.52,1.5,,,7,6,
2026-07-02T17:00:00.000,0,0.028,0.03,0.029,0,3.51,1.41,0,28,7,5,37
2026-07-02T18:00:00.000,0,0.028,0.029,0.029,0,3.41,0.85,0,28,6,3,36
2026-07-08T13:00:00.000,0.003,0.025,0.02,0.011,0.2,0,11.35,2,25,0,45,45
2026-07-08T14:00:00.000,0.004,0.025,0.024,0.014,0.17,0,11.57,3,25,0,46,46
2026-07-08T15:00:00.000,0.005,0.025,0.025,0.017,0.13,0,11.67,4,25,0,46,46
2026-07-08T16:00:00.000,,,,0.019,,0,11.76,,,0,47,
2026-07-08T17:00:00.000,0.005,0.023,0.024,0.022,0,0,11.92,4,23,0,47,47
2026-07-08T18:00:00.000,0.009,0.012,0.02,0.022,0,0,12.07,7,12,0,48,48
2026-07-08T19:00:00.000,0.013,0.002,0.012,0.019,0.06,0,12.16,11,2,0,48,48
2026-07-08T20:00:00.000,0.012,0.002,0.01,0.016,0.13,0,12.17,10,2,0,48,48
2026-07-08T21:00:00.000,0.01,0.001,0.004,0.013,0.18,0,12.19,8,1,0,48,48
2026-07-08T22:00:00.000,0.008,0.001,0.001,0.009,0.25,0,12.1,7,1,0,48,48
2026-07-08T23:00:00.000,0.007,0.001,0.001,0.006,0.33,0,12.15,6,1,0,48,48
2026-07-09T00:00:00.000,0.005,0.001,0.001,0.005,0.34,0,12.48,4,1,0,49,49
2026-07-09T01:00:00.000,0.004,0.001,0.001,0.003,0.42,0,12.91,3,1,0,51,51
2026-07-09T02:00:00.000,0.003,0.001,0.001,0.001,0.48,0,13.39,2,1,0,53,53
2026-07-09T03:00:00.000,0.002,0.001,0.001,0.001,0.51,0,13.71,1,1,0,54,54
2026-07-09T04:00:00.000,0.001,0.001,0.001,0.001,0.52,0,13.86,1,1,0,55,55
2026-07-09T05:00:00.000,0.001,0.001,0.001,0.001,0.51,0,13.9,1,1,0,55,55
2026-07-09T06:00:00.000,0.002,0.002,0.001,0.001,0.47,0,14,1,2,0,56,56
2026-07-09T07:00:00.000,0.003,0.001,0.001,0.001,0.42,0,14.12,2,1,0,56,56
2026-07-09T08:00:00.000,,,,,,,,,,,,
2026-07-09T09:00:00.000,0.003,0.005,0.003,0.002,0.35,17.99,14.49,3,5,35,57,57
2026-07-09T10:00:00.000,0.002,0.013,0.006,0.003,0.25,17.83,14.38,1,13,35,57,57
2026-07-09T11:00:00.000,,0.015,0.011,0.005,,17.31,14.23,,15,34,56,
2026-07-09T12:00:00.000,,0.02,0.013,0.008,,15.89,14.16,,20,31,56,
2026-07-09T13:00:00.000,0,0.024,0.018,0.011,0.06,14.79,14.08,0,24,29,56,56
2026-07-09T14:00:00.000,0.002,0.024,0.021,0.014,0.02,15.15,13.94,2,24,30,55,55
2026-07-09T15:00:00.000,0.004,0.025,0.023,0.018,0,15.45,13.86,3,25,30,55,55
2026-07-09T16:00:00.000,,,,0.018,,15.05,13.8,,,30,55,
2026-07-09T17:00:00.000,0.004,0.027,0.025,0.021,0,14.88,13.75,4,27,29,55,55
2026-07-09T18:00:00.000,0.01,0.006,0.019,0.02,0,15.23,13.91,8,6,30,55,55
2026-07-09T19:00:00.000,0.012,0.002,0.012,0.018,0.04,15.49,13.98,10,2,30,55,55
2026-07-09T20:00:00.000,0.012,0.001,0.009,0.016,0.06,15.34,13.96,10,1,30,55,55
2026-07-09T21:00:00.000,0.01,0.001,0.003,0.012,0.09,15.22,13.75,9,1,30,55,55
2026-07-09T22:00:00.000,0.008,0.002,0.002,0.009,0.11,14.63,13.43,7,2,29,53,53
2026-07-09T23:00:00.000,0.007,0.001,0.001,0.006,0.13,13.8,12.83,6,1,27,51,51
2026-07-10T00:00:00.000,0.005,0.002,0.002,0.005,0.14,13.13,12.03,4,2,26,48,48
2026-07-10T01:00:00.000,0.004,0.002,0.002,0.002,0.17,13.18,11.31,4,2,26,45,45
2026-07-10T02:00:00.000,0.004,0.001,0.002,0.002,0.15,12.11,10.52,3,1,24,42,42
2026-07-10T03:00:00.000,0.003,0.001,0.001,0.001,0.15,10.91,9.75,2,1,21,39,39
2026-07-10T04:00:00.000,0.002,0.001,0.001,0.001,0.18,10.19,9.14,1,1,20,36,36
2026-07-10T05:00:00.000,0.001,0,0.001,0.001,0.21,10.41,8.78,0,0,20,35,35
2026-07-10T06:00:00.000,0,0.001,0.001,0.001,0.26,10.72,8.67,0,1,21,34,34
2026-07-10T07:00:00.000,0.001,0,0,0.001,0.28,10.97,8.81,0,0,21,35,35
2026-07-10T08:00:00.000,0.001,0.003,0.001,0.001,0.25,10.98,8.97,1,3,21,35,35
2026-07-10T09:00:00.000,0.002,0.003,0.002,0.001,0.22,10.57,8.71,2,3,21,34,34
2026-07-10T10:00:00.000,0.003,0.008,0.003,0.002,0.2,10.22,8.44,2,8,20,33,33
2026-07-10T11:00:00.000,0.003,0.009,0.006,0.003,0.16,10.24,8.27,3,9,20,33,33
2026-07-10T12:00:00.000,0.004,0.013,0.008,0.005,0.1,11.28,8.16,3,13,22,32,32
2026-07-10T13:00:00.000,0.005,0.027,0.014,0.008,0.03,12.07,8.12,4,27,24,32,32
2026-07-10T14:00:00.000,0.005,0.027,0.019,0.011,0,11.33,8.11,4,27,22,32,32
2026-07-10T15:00:00.000,0.004,0.029,0.024,0.015,0,10.73,8.08,4,29,21,32,32
2026-07-10T16:00:00.000,,,,0.017,,10.65,8.04,,,21,32,
2026-07-10T17:00:00.000,0.005,0.026,0.028,0.02,0,10.72,7.96,4,26,21,31,35
2026-07-10T18:00:00.000,0.011,0.006,0.021,0.02,0,10.44,7.64,9,6,20,30,30
2026-07-10T19:00:00.000,0.013,0.002,0.012,0.019,0,10.28,7.55,11,2,20,30,30
2026-07-10T20:00:00.000,0.013,0.002,0.009,0.017,0.06,10.62,7.74,11,2,21,30,30
2026-07-10T21:00:00.000,0.011,0.001,0.003,0.014,0.12,10.8,8.13,9,1,21,32,32
2026-07-10T22:00:00.000,0.009,0.001,0.002,0.01,0.2,11.12,8.65,7,1,22,34,34
2026-07-10T23:00:00.000,0.007,0.002,0.002,0.006,0.34,11.95,9.48,6,2,23,37,37
2026-07-11T00:00:00.000,0.005,0.002,0.002,0.005,0.42,14.11,10.58,4,2,28,42,42
2026-07-11T01:00:00.000,0.004,0.002,0.002,0.002,0.54,16.17,11.83,3,2,32,47,47
2026-07-11T02:00:00.000,0.003,0.001,0.002,0.002,0.63,17.63,13.22,2,1,35,52,52
2026-07-11T03:00:00.000,0.002,0.002,0.002,0.002,0.68,19.12,14.55,2,2,38,58,58
2026-07-11T04:00:00.000,0.001,0.002,0.002,0.002,0.74,20.13,15.71,1,2,40,62,62
2026-07-11T05:00:00.000,0.001,0.001,0.001,0.002,0.77,20.32,16.61,1,1,40,66,66
2026-07-11T06:00:00.000,0.001,0.001,0.001,0.002,0.77,20.49,17.21,0,1,40,68,68
2026-07-11T07:00:00.000,0,0.001,0.001,0.001,0.71,20.45,17.49,0,1,40,69,69
2026-07-11T08:00:00.000,0,0.001,0.001,0.001,0.63,20.57,17.71,0,1,41,70,70
2026-07-11T09:00:00.000,0.002,0.002,0.001,0.001,0.54,21.09,18.13,1,2,42,72,72
2026-07-11T10:00:00.000,0.003,0.004,0.002,0.001,0.45,21.28,18.78,3,4,42,75,75
2026-07-11T11:00:00.000,0.004,0.004,0.003,0.002,0.36,21.35,19.43,3,4,42,77,77
2026-07-11T12:00:00.000,0.005,0.011,0.005,0.003,0.26,21.83,19.97,4,11,43,79,79
2026-07-11T13:00:00.000,0.006,0.018,0.009,0.005,0.17,22.23,20.39,5,18,44,81,81
2026-07-11T14:00:00.000,0.006,0.018,0.013,0.007,0.11,22.61,20.7,5,18,45,82,82
2026-07-11T15:00:00.000,0.003,0.024,0.018,0.01,0.05,22.4,20.94,3,24,44,83,83
2026-07-11T16:00:00.000,,,,0.012,,22.22,21.19,,,44,84,
2026-07-11T17:00:00.000,0.002,0.023,0.021,0.014,0,22.05,21.47,2,23,44,85,85
2026-07-11T18:00:00.000,0.003,0.02,0.022,0.017,0,22.05,21.78,3,20,44,87,87
2026-07-11T19:00:00.000,0.003,0.019,0.021,0.019,0,21.86,21.67,3,19,43,86,86
2026-07-11T20:00:00.000,0.003,0.019,0.02,0.02,0,21.44,21.1,2,19,42,84,84
2026-07-11T21:00:00.000,0.002,0.022,0.02,0.021,0,20.95,20.27,2,22,41,81,81
2026-07-11T22:00:00.000,0.001,0.023,0.021,0.021,0,20.44,19.22,1,23,40,76,76
2026-07-11T23:00:00.000,0,0.022,0.021,0.021,0,19.58,17.91,0,22,39,71,71
2026-07-12T00:00:00.000,0,0.021,0.022,0.021,0,17.41,16.41,0,21,34,65,65
2026-07-12T01:00:00.000,0,0.024,0.022,0.021,0,15.03,14.71,0,24,30,58,58
2026-07-12T02:00:00.000,0,0.025,0.023,0.022,0,13.2,12.84,0,25,26,51,51
2026-07-12T03:00:00.000,0,0.029,0.025,0.023,0,11.36,11.01,0,29,22,44,44
2026-07-12T04:00:00.000,0,0.035,0.028,0.025,0,9.08,9.28,0,35,18,37,37
2026-07-12T05:00:00.000,0,0.033,0.031,0.026,0,6.93,7.73,0,33,13,30,38
2026-07-12T06:00:00.000,0,0.033,0.033,0.028,0,5.33,6.45,0,33,10,25,41
2026-07-12T07:00:00.000,0.001,0.032,0.033,0.029,0,4.89,5.41,0,32,9,21,42
2026-07-12T08:00:00.000,0.001,0.031,0.032,0.03,0,4.93,4.58,1,31,9,18,40
2026-07-12T09:00:00.000,0,0.031,0.032,0.031,0,4.57,3.85,0,31,9,15,40
2026-07-12T10:00:00.000,0,0.031,0.031,0.032,0,4.62,3.05,0,31,9,12,39
2026-07-12T11:00:00.000,0,0.029,0.031,0.032,0,4.67,2.33,0,29,9,9,38
2026-07-12T12:00:00.000,0,0.028,0.03,0.031,0,3.69,1.81,0,28,7,7,37
2026-07-12T13:00:00.000,0,0.028,0.029,0.03,0,2.88,1.5,0,28,5,6,36
2026-07-12T14:00:00.000,0,0.029,0.029,0.03,0,2.49,1.42,0,29,4,5,36
2026-07-12T15:00:00.000,0,0.029,0.028,0.029,0,2.43,1.53,0,29,4,6,36
2026-07-12T16:00:00.000,,,,0.029,,2.56,1.59,,,5,6,
2026-07-12T17:00:00.000,0,0.027,0.028,0.029,0,2.73,1.78,0,27,5,7,35
2026-07-12T18:00:00.000,0,0.027,0.028,0.028,0,2.81,2.06,0,27,5,8,35
2026-07-12T19:00:00.000,0,0.028,0.027,0.028,0,2.43,2.22,0,28,4,8,34
2026-07-12T20:00:00.000,0,0.028,0.028,0.028,0,1.82,2.23,0,28,3,8,35
2026-07-12T21:00:00.000,0,0.028,0.028,0.028,0,1.43,2.5,0,28,2,10,35
2026-07-12T22:00:00.000,0,0.029,0.028,0.028,0,1.24,2.98,0,29,2,11,35
2026-07-12T23:00:00.000,0,0.028,0.028,0.028,0,1.1,3.19,0,28,2,12,35
2026-07-13T00:00:00.000,0,0.028,0.028,0.028,0,1.18,3.17,0,28,2,12,35
2026-07-13T01:00:00.000,0,0.028,0.028,0.028,0,1.3,3.07,0,28,2,12,35
2026-07-13T02:00:00.000,0,0.028,0.028,0.028,0,1.46,3.01,0,28,2,12,35
2026-07-13T03:00:00.000,0,0.027,0.028,0.028,0,1.69,2.98,0,27,3,11,35
2026-07-13T04:00:00.000,0,0.026,0.027,0.028,0,2.66,3.47,0,26,5,13,34
2026-07-13T05:00:00.000,0,0.024,0.026,0.027,0,3.81,3.93,0,24,7,15,33
2026-07-13T06:00:00.000,0,0.026,0.026,0.027,0,4.63,4.03,0,26,9,16,33
2026-07-13T07:00:00.000,0,0.025,0.025,0.027,0,4.53,3.96,0,25,9,15,32
2026-07-13T08:00:00.000,0.001,0.024,0.025,0.026,0,4.12,3.91,1,24,8,15,31
2026-07-13T09:00:00.000,0.001,0.023,0.025,0.025,0,3.92,3.87,1,23,7,15,31
2026-07-13T10:00:00.000,0,0.022,0.024,0.025,0,3.64,4.4,0,22,7,17,30
2026-07-13T11:00:00.000,0,0.021,0.023,0.024,0,3.47,4.9,0,21,6,19,28
2026-07-13T12:00:00.000,0,0.02,0.022,0.023,0,3.67,4.98,0,20,7,19,27
2026-07-13T13:00:00.000,0,0.021,0.021,0.023,0,3.79,5.05,0,21,7,20,26
2026-07-13T14:00:00.000,0,0.021,0.021,0.022,0,3.87,5.46,0,21,7,21,26
2026-07-13T15:00:00.000,0,0.022,0.021,0.022,0,3.87,5.46,0,22,7,21,27
2026-07-13T16:00:00.000,,,,0.022,,3.9,5.23,,,7,20,
2026-07-13T17:00:00.000,0.001,0.024,0.023,0.022,0,4.13,4.7,1,24,8,18,28
2026-07-13T18:00:00.000,0.001,0.023,0.023,0.022,0,4.18,4.09,0,23,8,16,29
2026-07-13T19:00:00.000,0,0.026,0.024,0.023,0,4.25,3.74,0,26,8,14,31
2026-07-13T20:00:00.000,0,0.028,0.025,0.024,0,4.38,3.48,0,28,8,13,32
2026-07-13T21:00:00.000,0,0.029,0.026,0.025,0,4.63,2.95,0,29,9,11,33
2026-07-13T22:00:00.000,0,0.029,0.028,0.026,0,4.79,2.3,0,29,9,9,35
2026-07-13T23:00:00.000,0,0.03,0.029,0.027,0,4.98,2.11,0,30,9,8,36
2026-07-14T00:00:00.000,0,0.03,0.029,0.027,0,5.12,2.52,0,30,10,10,37
2026-07-14T01:00:00.000,0,0.03,0.029,0.028,0,4.88,2.82,0,30,9,11,37
2026-07-14T02:00:00.000,0,0.028,0.029,0.029,0,4.58,2.85,0,28,9,11,37
2026-07-14T03:00:00.000,0,0.027,0.029,0.029,0,4.62,2.71,0,27,9,10,36
2026-07-14T04:00:00.000,0,0.026,0.028,0.029,0,4.52,2.24,0,26,9,8,35
2026-07-14T05:00:00.000,0,0.025,0.027,0.028,0,4.29,2.25,0,25,8,9,33
2026-07-14T06:00:00.000,0,0.023,0.025,0.027,0,4.14,2.37,0,23,8,9,32
2026-07-14T07:00:00.000,0,0.021,0.024,0.026,0,4.08,2.58,0,21,8,10,30
2026-07-14T08:00:00.000,0.002,0.02,0.022,0.025,0,4.13,2.69,2,20,8,10,28
2026-07-14T09:00:00.000,0.002,0.024,0.022,0.024,0,4.12,2.77,2,24,8,11,28
2026-07-14T10:00:00.000,0.001,0.024,0.022,0.024,0,4.21,2.3,0,24,8,9,28
2026-07-14T11:00:00.000,0,0.023,0.023,0.023,0,4.45,1.94,0,23,8,7,29
2026-07-14T12:00:00.000,0,0.023,0.023,0.023,0,4.49,1.97,0,23,8,7,29
2026-07-14T13:00:00.000,0,0.024,0.024,0.023,0,4.65,1.89,0,24,9,7,30
2026-07-14T14:00:00.000,0,0.026,0.024,0.023,0,4.5,1.38,0,26,9,5,30
2026-07-14T15:00:00.000,0,0.026,0.025,0.024,0,4.42,1.87,0,26,8,7,31
2026-07-14T16:00:00.000,,,,0.024,,4.37,2.29,,,8,9,
2026-07-14T17:00:00.000,0.002,0.021,0.024,0.024,0,4.02,2.49,2,21,8,9,31
2026-07-14T18:00:00.000,0.005,0.02,0.023,0.023,0,3.75,2.45,4,20,7,9,28
2026-07-14T19:00:00.000,0.005,0.018,0.02,0.023,0,3.6,2.95,4,18,7,11,25
2026-07-14T20:00:00.000,0.009,0.011,0.018,0.021,0,3.4,3.43,8,11,6,13,22
2026-07-14T21:00:00.000,0.008,0.015,0.016,0.02,0,2.97,3.63,7,15,5,14,20
2026-07-14T22:00:00.000,0.008,0.011,0.014,0.018,0,2.58,3.69,7,11,5,14,17
2026-07-14T23:00:00.000,0.009,0.006,0.011,0.015,0.02,2.51,3.8,8,6,5,15,15
2026-07-15T00:00:00.000,0.007,0.007,0.01,0.014,0.05,2.76,3.87,6,7,5,15,15
2026-07-15T01:00:00.000,0.005,0.012,0.009,0.013,0.08,4.03,4.35,4,12,8,17,17
2026-07-15T02:00:00.000,0.004,0.009,0.009,0.011,0.11,5.15,5.07,3,9,10,20,20
2026-07-15T03:00:00.000,0.003,0.006,0.008,0.01,0.15,5.7,5.84,2,6,11,23,23
2026-07-15T04:00:00.000,0.002,0.005,0.008,0.009,0.17,6.22,6.39,2,5,12,25,25
2026-07-15T05:00:00.000,0.002,0.003,0.006,0.007,0.21,6.59,6.52,2,3,13,26,26
2026-07-15T06:00:00.000,0.003,0.001,0.004,0.006,0.23,6.78,6.9,2,1,13,27,27
2026-07-15T07:00:00.000,0.004,0,0.002,0.005,0.22,7.08,7.33,3,0,14,29,29
2026-07-15T08:00:00.000,0.005,0.002,0.002,0.005,0.24,7.24,7.82,4,2,14,31,31
2026-07-15T09:00:00.000,0.008,0.003,0.002,0.004,0.28,8.12,8.4,6,3,16,33,33
2026-07-15T10:00:00.000,0.008,0.012,0.004,0.004,0.26,8.65,9.05,7,12,17,36,36
2026-07-15T11:00:00.000,0.008,0.023,0.01,0.006,0.22,8.78,9.39,7,23,17,37,37
2026-07-15T12:00:00.000,0.007,0.03,0.017,0.009,0.18,9.37,9.53,6,30,18,38,38
2026-07-15T13:00:00.000,0.005,0.031,0.024,0.013,0.13,9.88,9.6,4,31,19,38,38
2026-07-15T14:00:00.000,0.003,0.031,0.029,0.017,0.08,10.57,9.71,3,31,21,38,38
2026-07-15T15:00:00.000,0.002,0.03,0.03,0.02,0.04,11.24,9.14,2,30,22,36,38
2026-07-15T16:00:00.000,,,,0.023,,11.73,8.93,,,23,35,
2026-07-15T17:00:00.000,0.003,0.023,0.028,0.026,0,11.97,9.13,2,23,23,36,36
2026-07-15T18:00:00.000,0.004,0.013,0.022,0.026,0,12.24,9.53,4,13,24,38,38
2026-07-15T19:00:00.000,0.009,0.003,0.013,0.023,0,12.61,9.45,8,3,25,37,37
2026-07-15T20:00:00.000,0.01,0.002,0.01,0.019,0.02,13.53,9.77,8,2,27,39,39
2026-07-15T21:00:00.000,0.008,0.001,0.005,0.015,0.1,14.3,10.51,7,1,28,42,42
2026-07-15T22:00:00.000,0.006,0.001,0.002,0.011,0.19,14.99,11.54,5,1,29,46,46
2026-07-15T23:00:00.000,0.005,0.001,0.001,0.007,0.29,15.53,12.52,4,1,31,50,50
2026-07-16T00:00:00.000,0.004,0.001,0.001,0.006,0.33,16.62,13.15,3,1,33,52,52
2026-07-16T01:00:00.000,0.003,0.001,0.001,0.003,0.43,17.01,13.72,3,1,34,54,54
2026-07-16T02:00:00.000,0.003,0.001,0.001,0.002,0.49,17.22,14.4,2,1,34,57,57
2026-07-16T03:00:00.000,0.002,0.002,0.001,0.001,0.49,17.48,14.97,2,2,34,59,59
2026-07-16T04:00:00.000,0.002,0.011,0.004,0.003,0.46,17.45,15.3,2,11,34,61,61
2026-07-16T05:00:00.000,0.003,0.024,0.009,0.005,0.4,17.68,15.25,3,24,35,61,61
2026-07-16T06:00:00.000,0.004,0.02,0.014,0.008,0.33,17.74,14.85,3,20,35,59,59
2026-07-16T07:00:00.000,0.006,0.014,0.017,0.009,0.25,17.54,14.33,5,14,35,57,57
2026-07-16T08:00:00.000,0.008,0.008,0.017,0.01,0.17,17.42,13.88,7,8,34,55,55
2026-07-16T09:00:00.000,0.007,0.021,0.016,0.013,0.08,16.76,13.73,6,21,33,54,54
2026-07-16T10:00:00.000,0.006,0.026,0.017,0.016,0.01,16.16,13.26,5,26,32,53,53
2026-07-16T11:00:00.000,0.002,0.028,0.021,0.019,0,15.85,12.74,2,28,31,50,50
2026-07-16T12:00:00.000,0,0.027,0.026,0.021,0,14.89,12.24,0,27,29,48,48
2026-07-16T13:00:00.000,0,0.027,0.027,0.022,0,13.59,11.89,0,27,27,47,47
2026-07-16T14:00:00.000,0.001,0.027,0.027,0.022,0,13.23,11.66,1,27,26,46,46
2026-07-16T15:00:00.000,0.002,0.027,0.027,0.024,0,12.96,11.5,2,27,25,46,46
2026-07-16T16:00:00.000,,,,0.026,,12.77,11.3,,,25,45,
2026-07-16T17:00:00.000,0.003,0.024,0.026,0.027,0,12.62,11.03,3,24,25,44,44
2026-07-16T18:00:00.000,0.005,0.017,0.022,0.025,0,12.27,10.74,4,17,24,42,42
2026-07-16T19:00:00.000,0.009,0.002,0.014,0.022,0,12,10.44,7,2,24,41,41
2026-07-16T20:00:00.000,0.009,0.001,0.011,0.018,0.07,11.61,10.55,8,1,23,42,42
2026-07-16T21:00:00.000,0.008,0.002,0.005,0.014,0.18,11.82,10.73,7,2,23,42,42
2026-07-16T22:00:00.000,0.007,0.001,0.002,0.011,0.29,12.33,10.79,6,1,24,43,43
2026-07-16T23:00:00.000,0.006,0.001,0.001,0.007,0.4,12.6,10.94,5,1,25,43,43
2026-07-17T00:00:00.000,0.004,0.002,0.001,0.006,0.45,12.31,11.17,4,2,24,44,44
2026-07-17T01:00:00.000,0.003,0.002,0.002,0.003,0.55,12.33,11.29,2,2,24,45,45
2026-07-17T02:00:00.000,0.002,0.001,0.002,0.002,0.63,12.62,11.33,2,1,25,45,45
2026-07-17T03:00:00.000,0.001,0.002,0.002,0.002,0.67,13.01,11.53,1,2,26,46,46
2026-07-17T04:00:00.000,0.001,0.001,0.002,0.002,0.65,13.51,11.89,1,1,27,47,47
2026-07-17T05:00:00.000,0,0.002,0.002,0.002,0.59,13.59,12.38,0,2,27,49,49
2026-07-17T06:00:00.000,0.001,0.001,0.001,0.001,0.52,13.78,12.95,1,1,27,51,51
2026-07-17T07:00:00.000,0.001,0,0.001,0.001,0.48,13.99,13.46,1,0,27,53,53
2026-07-17T08:00:00.000,0.002,0.001,0.001,0.001,0.44,14.12,13.88,2,1,28,55,55
2026-07-17T09:00:00.000,0.003,0.004,0.002,0.002,0.38,14.5,13.93,3,4,29,55,55
2026-07-17T10:00:00.000,0.004,0.01,0.004,0.003,0.3,14.94,14.19,4,10,29,56,56
2026-07-17T11:00:00.000,0.005,0.014,0.007,0.004,0.22,14.91,14.57,4,14,29,58,58
2026-07-17T12:00:00.000,0.005,0.021,0.012,0.006,0.17,15.43,14.94,4,21,30,59,59
2026-07-17T13:00:00.000,0.004,0.024,0.017,0.009,0.15,16.29,15.15,3,24,32,60,60
2026-07-17T14:00:00.000,0.002,0.026,0.021,0.012,0.12,16.01,15.19,2,26,32,60,60
2026-07-17T15:00:00.000,0.003,0.027,0.024,0.016,0.08,15.82,15.14,2,27,31,60,60
2026-07-17T16:00:00.000,,,,0.018,,15.6,15.06,,,31,60,
2026-07-17T17:00:00.000,0.005,0.024,0.025,0.021,0,15.57,14.94,4,24,31,59,59
2026-07-17T18:00:00.000,0.009,0.009,0.02,0.021,0.01,15.68,14.88,7,9,31,59,59
2026-07-17T19:00:00.000,0.011,0.002,0.012,0.019,0.1,16.24,15.07,9,2,32,60,60
2026-07-17T20:00:00.000,0.01,0.002,0.009,0.016,0.2,17.17,15.04,9,2,34,60,60
2026-07-17T21:00:00.000,0.009,0.002,0.004,0.013,0.29,17.92,15.2,8,2,35,60,60
2026-07-17T22:00:00.000,0.008,0.001,0.002,0.009,0.38,18.43,15.43,7,1,36,61,61
2026-07-17T23:00:00.000,0.006,0.001,0.001,0.006,0.42,18.37,15.33,5,1,36,61,61
2026-07-18T00:00:00.000,0.004,0.001,0.001,0.005,0.4,17.42,14.94,3,1,34,59,59
2026-07-18T01:00:00.000,0.002,0.001,0.001,0.002,0.49,15.76,14.48,2,1,31,57,57
2026-07-18T02:00:00.000,0.001,0.001,0.001,0.001,0.55,14.54,14.11,1,1,29,56,56
2026-07-18T03:00:00.000,0.001,0.001,0.001,0.001,0.56,14.73,13.96,0,1,29,55,55
2026-07-18T04:00:00.000,0,0.001,0.001,0.001,0.56,15.23,14.02,0,1,30,56,56
2026-07-18T05:00:00.000,0,0.001,0.001,0.001,0.56,15.64,14.27,0,1,31,57,57
2026-07-18T06:00:00.000,0,0.001,0.001,0.001,0.52,16.04,14.7,0,1,32,58,58
2026-07-18T07:00:00.000,0.001,0.007,0.003,0.002,0.48,16.19,14.95,1,7,32,59,59
2026-07-18T08:00:00.000,0.003,0.005,0.004,0.002,0.45,15.94,14.92,2,5,31,59,59
2026-07-18T09:00:00.000,0.003,0.006,0.005,0.003,0.37,15.43,14.74,2,6,30,58,58
2026-07-18T10:00:00.000,0.003,0.009,0.007,0.004,0.29,14.98,14.61,2,9,29,58,58
2026-07-18T11:00:00.000,0.003,0.014,0.008,0.005,0.2,15.42,14.6,2,14,30,58,58
2026-07-18T12:00:00.000,0.003,0.017,0.011,0.007,0.11,15.47,14.65,3,17,30,58,58
2026-07-18T13:00:00.000,0.004,0.02,0.015,0.01,0.03,15.29,14.77,3,20,30,59,59
2026-07-18T14:00:00.000,0.004,0.024,0.019,0.013,0,15.56,14.85,3,24,31,59,59
2026-07-18T15:00:00.000,0.005,0.027,0.022,0.015,0,15.66,14.88,4,27,31,59,59
2026-07-18T16:00:00.000,,,,0.017,,15.62,14.94,,,31,59,
2026-07-18T17:00:00.000,0.006,0.025,0.025,0.019,0,15.58,15.18,5,25,31,60,60
2026-07-18T18:00:00.000,0.009,0.009,0.021,0.02,0.05,15.61,15.58,7,9,31,62,62
2026-07-18T19:00:00.000,0.011,0.002,0.012,0.018,0.14,15.83,16.01,9,2,31,64,64
2026-07-18T20:00:00.000,0.01,0.003,0.01,0.016,0.26,15.66,16.26,8,3,31,65,65
2026-07-18T21:00:00.000,0.008,0.002,0.004,0.013,0.39,15.61,16.49,7,2,31,65,65
2026-07-18T22:00:00.000,0.008,0.002,0.003,0.01,0.54,15.6,16.96,6,2,31,67,67
2026-07-18T23:00:00.000,0.007,0.003,0.003,0.007,0.7,16.71,17.88,5,3,33,71,71
2026-07-19T00:00:00.000,0.005,0.002,0.002,0.006,0.73,19.05,19.06,4,2,38,76,76
2026-07-19T01:00:00.000,0.004,0.002,0.002,0.003,0.85,21.59,20.13,4,2,43,80,80
2026-07-19T02:00:00.000,0.003,0.002,0.002,0.002,0.91,23.27,20.9,3,2,46,83,83
2026-07-19T03:00:00.000,0.003,0.002,0.002,0.002,0.92,23.26,21.35,2,2,46,85,85
2026-07-19T04:00:00.000,0.002,0.002,0.002,0.002,0.88,22.95,21.58,2,2,45,86,86
2026-07-19T05:00:00.000,0.002,0.002,0.002,0.002,0.83,22.72,21.57,2,2,45,86,86
2026-07-19T06:00:00.000,0.002,0.001,0.002,0.002,0.75,22.62,21.49,1,1,45,85,85
2026-07-19T07:00:00.000,0.002,0,0.001,0.002,0.65,22.57,21.59,1,0,45,86,86
2026-07-19T08:00:00.000,0.002,0.001,0.001,0.001,0.57,22.97,21.87,2,1,45,87,87
2026-07-19T09:00:00.000,0.003,0.005,0.002,0.002,0.48,23.44,22.2,3,5,46,88,88
2026-07-19T10:00:00.000,0.004,0.013,0.005,0.003,0.37,23.8,22.43,3,13,47,89,89
2026-07-19T11:00:00.000,0.005,0.018,0.009,0.005,0.29,23.47,22.57,4,18,46,90,90
2026-07-19T12:00:00.000,0.005,0.02,0.014,0.007,0.22,23.71,22.67,4,20,47,90,90
2026-07-19T13:00:00.000,0.005,0.023,0.018,0.01,0.16,24.08,22.71,4,23,48,90,90
2026-07-19T14:00:00.000,0.006,0.026,0.022,0.013,0.12,24.04,22.73,5,26,48,90,90
2026-07-19T15:00:00.000,0.006,0.029,0.024,0.017,0.09,24.09,22.81,5,29,48,91,91
2026-07-19T16:00:00.000,,,,0.019,,24.37,22.88,,,48,91,
2026-07-19T17:00:00.000,0.006,0.026,0.027,0.022,0.03,24.36,22.84,5,26,48,91,91
2026-07-19T18:00:00.000,0.01,0.008,0.021,0.021,0.09,24.43,22.7,8,8,48,90,90
2026-07-19T19:00:00.000,0.013,0.004,0.013,0.019,0.17,24.2,22.5,11,4,48,90,90
2026-07-19T20:00:00.000,0.012,0.003,0.01,0.017,0.26,23.9,22.35,10,3,47,89,89
2026-07-19T21:00:00.000,0.011,0.002,0.004,0.014,0.37,23.4,22.15,9,2,46,88,88
2026-07-19T22:00:00.000,0.009,0.003,0.003,0.011,0.49,23,21.85,8,3,46,87,87
2026-07-19T23:00:00.000,0.008,0.003,0.003,0.007,0.62,22.84,21.38,7,3,45,85,85
2026-07-20T00:00:00.000,0.007,0.003,0.003,0.006,0.65,22.41,20.92,6,3,44,83,83
2026-07-20T01:00:00.000,0.006,0.005,0.003,0.004,0.74,21.51,20.64,5,5,43,82,82
2026-07-20T02:00:00.000,0.004,0.003,0.003,0.003,0.79,21.01,20.59,4,3,42,82,82
2026-07-20T03:00:00.000,0.003,0.002,0.003,0.003,0.8,20.87,20.67,3,2,41,82,82
2026-07-20T04:00:00.000,0.003,0.001,0.003,0.003,0.79,20.81,20.63,2,1,41,82,82
2026-07-20T05:00:00.000,0.002,0.001,0.002,0.003,0.76,20.93,20.7,2,1,41,82,82
2026-07-20T06:00:00.000,0.002,0.001,0.001,0.002,0.73,20.87,20.79,2,1,41,83,83
2026-07-20T07:00:00.000,0.002,0.001,0.001,0.002,0.69,21.05,20.88,2,1,42,83,83
2026-07-20T08:00:00.000,0.004,0.002,0.001,0.002,0.69,21.25,21.05,3,2,42,84,84
2026-07-20T09:00:00.000,0.006,0.003,0.002,0.002,0.64,21.88,21.35,5,3,43,85,85
2026-07-20T10:00:00.000,0.006,0.009,0.004,0.002,0.56,22.21,21.66,5,9,44,86,86
2026-07-20T11:00:00.000,0.006,0.013,0.007,0.004,0.49,22.52,21.9,5,13,45,87,87
2026-07-20T12:00:00.000,0.004,0.018,0.01,0.006,0.42,21.56,22.09,3,18,43,88,88
2026-07-20T13:00:00.000,0.005,0.022,0.015,0.008,0.35,20.73,22.23,4,22,41,88,88
2026-07-20T14:00:00.000,0.006,0.023,0.019,0.011,0.29,21.37,22.34,5,23,42,89,89
2026-07-20T15:00:00.000,0.006,0.026,0.022,0.014,0.21,21.81,22.32,5,26,43,89,89
2026-07-20T16:00:00.000,,,,0.016,,21.81,22.21,,,43,88,
2026-07-20T17:00:00.000,0.005,0.024,0.024,0.019,0.05,21.91,22.03,4,24,43,88,88
2026-07-20T18:00:00.000,0.009,0.012,0.021,0.02,0.06,21.86,21.7,8,12,43,86,86
2026-07-20T19:00:00.000,0.015,0.003,0.013,0.018,0.11,21.68,21.27,13,3,43,85,85
2026-07-20T20:00:00.000,0.014,0.002,0.01,0.016,0.17,21.32,20.78,12,2,42,83,83
2026-07-20T21:00:00.000,0.012,0.002,0.005,0.013,0.24,20.69,20.25,10,2,41,81,81
2026-07-20T22:00:00.000,0.01,0.002,0.002,0.01,0.34,20.15,19.76,8,2,40,79,79
2026-07-20T23:00:00.000,0.009,0.003,0.002,0.007,0.46,19.69,19.36,7,3,39,77,77
2026-07-21T00:00:00.000,0.007,0.002,0.002,0.006,0.5,19.37,19.11,6,2,38,76,76
2026-07-21T01:00:00.000,0.006,0.002,0.002,0.003,0.6,19.41,18.82,5,2,38,75,75
2026-07-21T02:00:00.000,0.005,0.002,0.002,0.002,0.67,19.13,18.3,4,2,38,73,73
2026-07-21T03:00:00.000,0.003,0.003,0.002,0.002,0.71,18.93,17.79,3,3,37,71,71
2026-07-21T04:00:00.000,0.003,0.001,0.002,0.002,0.73,18.99,17.52,2,1,37,70,70
2026-07-21T05:00:00.000,0.002,0.001,0.002,0.002,0.74,18.98,17.41,2,1,37,69,69
2026-07-21T06:00:00.000,0.002,0.001,0.002,0.002,0.72,19.19,17.45,1,1,38,69,69
2026-07-21T07:00:00.000,0.002,0.001,0.001,0.002,0.7,19.37,17.5,2,1,38,70,70
2026-07-21T08:00:00.000,0.003,0.001,0.001,0.001,0.68,19.25,17.51,3,1,38,70,70
2026-07-21T09:00:00.000,0.005,0.002,0.001,0.001,0.66,18.92,17.39,4,2,37,69,69
2026-07-21T10:00:00.000,0.005,0.005,0.002,0.002,0.61,18.76,17.31,4,5,37,69,69
2026-07-21T11:00:00.000,0.008,0.008,0.004,0.003,0.55,19.01,17.34,6,8,38,69,69
2026-07-21T12:00:00.000,0.009,0.011,0.007,0.004,0.49,20.2,17.34,8,11,40,69,69
2026-07-21T13:00:00.000,0.01,0.016,0.01,0.006,0.42,21.11,17.38,8,16,42,69,69
2026-07-21T14:00:00.000,0.011,0.015,0.013,0.007,0.35,20.59,17.47,9,15,41,69,69
2026-07-21T15:00:00.000,0.008,0.021,0.016,0.01,0.29,20.32,17.61,7,21,40,70,70
2026-07-21T16:00:00.000,,,,0.011,,20.23,17.82,,,40,71,
2026-07-21T17:00:00.000,0.004,0.02,0.019,0.014,0.16,20.38,18.19,3,20,40,72,72
2026-07-21T18:00:00.000,0.008,0.008,0.016,0.014,0.14,20.62,18.75,7,8,41,75,75
2026-07-21T19:00:00.000,0.013,0.002,0.01,0.013,0.18,20.98,19.19,11,2,41,76,76
2026-07-21T20:00:00.000,0.012,0.002,0.008,0.012,0.26,21.62,19.56,10,2,43,78,78
2026-07-21T21:00:00.000,0.01,0.002,0.003,0.01,0.35,22.38,19.92,8,2,44,79,79
2026-07-21T22:00:00.000,0.008,0.001,0.002,0.008,0.43,22.99,20.14,7,1,45,80,80
2026-07-21T23:00:00.000,0.007,0.001,0.001,0.005,0.52,22.52,20.26,6,1,45,81,81
2026-07-22T00:00:00.000,0.006,0.001,0.001,0.005,0.55,21.45,20.17,5,1,42,80,80
2026-07-22T01:00:00.000,0.004,0.002,0.001,0.002,0.66,21.58,19.98,4,2,43,79,79
2026-07-22T02:00:00.000,0.003,0.002,0.001,0.002,0.74,22.34,19.98,2,2,44,79,79
2026-07-22T03:00:00.000,0.002,0.001,0.002,0.001,0.77,22.87,20.08,2,1,45,80,80
2026-07-22T04:00:00.000,0.001,0.002,0.002,0.001,0.79,22.98,20.25,1,2,45,81,81
2026-07-22T05:00:00.000,0.001,0.001,0.002,0.001,0.79,23.07,20.4,1,1,46,81,81
2026-07-22T06:00:00.000,0.001,0.001,0.001,0.001,0.79,23.21,20.48,1,1,46,81,81
2026-07-22T07:00:00.000,0.001,0.001,0.001,0.001,0.78,23.47,20.63,1,1,46,82,82
2026-07-22T08:00:00.000,0.002,0.001,0.001,0.001,0.75,23.99,20.83,2,1,47,83,83
2026-07-22T09:00:00.000,0.004,0.002,0.001,0.001,0.72,24.06,21.13,3,2,48,84,84
2026-07-22T10:00:00.000,0.005,0.004,0.002,0.002,0.64,24.26,21.43,4,4,48,85,85
2026-07-22T11:00:00.000,0.006,0.008,0.004,0.002,0.56,24.18,21.54,5,8,48,86,86
2026-07-22T12:00:00.000,0.007,0.009,0.006,0.003,0.47,23.87,21.63,5,9,47,86,86
2026-07-22T13:00:00.000,0.008,0.012,0.009,0.005,0.4,23.57,21.66,6,12,47,86,86
2026-07-22T14:00:00.000,0.004,0.023,0.013,0.008,0.32,23.38,21.69,4,23,46,86,86
2026-07-22T15:00:00.000,0.002,0.029,0.018,0.011,0.25,22.9,21.7,2,29,45,86,86
2026-07-22T16:00:00.000,,,,0.013,,22.57,21.57,,,45,86,
2026-07-22T17:00:00.000,0.001,0.028,0.027,0.016,0.12,22.39,21.21,1,28,44,84,84
2026-07-22T18:00:00.000,0.004,0.022,0.026,0.019,0.1,22.14,20.56,4,22,44,82,82
2026-07-22T19:00:00.000,0.008,0.014,0.021,0.02,0.1,21.66,19.88,7,14,43,79,79
2026-07-22T20:00:00.000,0.012,0.007,0.018,0.019,0.11,20.91,19.2,10,7,41,76,76
2026-07-22T21:00:00.000,0.013,0.001,0.011,0.018,0.16,20.16,18.47,11,1,40,73,73
2026-07-22T22:00:00.000,0.011,0.002,0.006,0.015,0.25,19.45,17.81,9,2,38,71,71
2026-07-22T23:00:00.000,0.01,0.001,0.003,0.011,0.34,19.48,17.32,8,1,38,69,69
2026-07-23T00:00:00.000,0.007,0.01,0.003,0.011,0.34,19.54,17.06,6,10,39,68,68
2026-07-23T01:00:00.000,0.005,0.018,0.008,0.009,0.35,18.41,16.8,4,18,36,67,67
2026-07-23T02:00:00.000,0.004,0.018,0.012,0.009,0.35,16.98,16.17,3,18,33,64,64
2026-07-23T03:00:00.000,0.002,0.018,0.016,0.009,0.34,15.75,15.13,2,18,31,60,60
2026-07-23T04:00:00.000,0.002,0.015,0.017,0.01,0.32,14.89,13.95,2,15,29,55,55
2026-07-23T05:00:00.000,0.002,0.016,0.017,0.012,0.27,14.14,12.79,2,16,28,51,51
2026-07-23T06:00:00.000,0.001,0.023,0.018,0.015,0.2,13.14,11.75,1,23,26,47,47
2026-07-23T07:00:00.000,0.002,0.023,0.019,0.018,0.12,11.77,10.72,2,23,23,42,42
2026-07-23T08:00:00.000,0.003,0.025,0.022,0.02,0.08,10.49,9.66,2,25,20,38,38
2026-07-23T09:00:00.000,0.002,0.029,0.025,0.021,0.07,9.61,8.56,1,29,19,34,34
2026-07-23T10:00:00.000,0.001,0.029,0.026,0.022,0.07,8.99,7.41,0,29,17,29,33
2026-07-23T11:00:00.000,0,0.029,0.028,0.024,0.06,8.3,6.47,0,29,16,25,35
2026-07-23T12:00:00.000,0,0.029,0.029,0.025,0.06,7.97,5.75,0,29,15,23,36
2026-07-23T13:00:00.000,0,0.03,0.029,0.027,0.05,7.55,5.27,0,30,15,21,37
2026-07-23T14:00:00.000,0,0.031,0.03,0.028,0.04,7.49,4.99,0,31,14,19,37
2026-07-23T15:00:00.000,0,0.03,0.03,0.029,0.04,7.57,4.89,0,30,15,19,38
2026-07-23T16:00:00.000,,,,0.03,,7.67,4.97,,,15,19,
2026-07-23T17:00:00.000,0,0.029,0.03,0.03,0.03,7.51,5.28,0,29,15,21,38
2026-07-23T18:00:00.000,0,0.029,0.03,0.03,0.03,7.38,5.77,0,29,14,23,37
2026-07-23T19:00:00.000,0,0.028,0.029,0.029,0.03,7.01,6.16,0,28,14,24,36
2026-07-23T20:00:00.000,0.001,0.028,0.029,0.029,0.03,6.39,6.22,1,28,12,24,36
2026-07-23T21:00:00.000,0.001,0.028,0.028,0.029,0.03,5.77,6.04,1,28,11,24,35
2026-07-23T22:00:00.000,0.001,0.027,0.028,0.028,0.04,5.16,5.61,1,27,10,22,35
2026-07-23T23:00:00.000,0.001,0.026,0.027,0.028,0.05,4,4.92,1,26,8,19,34
2026-07-24T00:00:00.000,0.001,0.028,0.027,0.028,0.05,3.16,3.96,1,28,6,15,34
2026-07-24T01:00:00.000,0.004,0.018,0.025,0.026,0.08,2.79,3.13,4,18,5,12,31
2026-07-24T02:00:00.000,0.005,0.014,0.021,0.025,0.12,2.63,2.79,4,14,5,11,27
2026-07-24T03:00:00.000,0.004,0.017,0.019,0.023,0.15,2.65,2.88,3,17,5,11,24
2026-07-24T04:00:00.000,0.004,0.011,0.015,0.021,0.18,2.63,3.13,3,11,5,12,19
2026-07-24T05:00:00.000,0.004,0.007,0.012,0.018,0.22,2.59,3.42,4,7,5,13,16
2026-07-24T06:00:00.000,0.005,0.003,0.01,0.016,0.25,2.71,3.73,4,3,5,14,14
2026-07-24T07:00:00.000,0.009,0.001,0.006,0.012,0.29,3.24,4.17,7,1,6,16,16
2026-07-24T08:00:00.000,0.011,0.002,0.003,0.009,0.35,3.83,4.69,9,2,7,18,18
2026-07-24T09:00:00.000,0.014,0.007,0.003,0.008,0.35,4.33,5.17,12,7,8,20,20
2026-07-24T10:00:00.000,0.012,0.017,0.007,0.008,0.33,4.75,5.48,10,17,9,21,21
2026-07-24T11:00:00.000,0.008,0.025,0.013,0.009,0.3,5.38,5.71,7,25,10,22,25
2026-07-24T12:00:00.000,0.002,0.029,0.019,0.011,0.27,5.61,5.9,2,29,11,23,29
2026-07-24T13:00:00.000,0,0.028,0.025,0.014,0.24,5.89,6.03,0,28,11,24,31
2026-07-24T14:00:00.000,0,0.028,0.027,0.017,0.2,5.83,6.03,0,28,11,24,34
2026-07-24T15:00:00.000,0,0.028,0.028,0.02,0.16,6.03,6.01,0,28,12,24,35
2026-07-24T16:00:00.000,,,,0.023,,6.08,5.96,,,12,23,
2026-07-24T17:00:00.000,0,0.025,0.027,0.026,0.07,6.3,5.87,0,25,12,23,34
2026-07-24T18:00:00.000,0.001,0.022,0.025,0.026,0.07,6.43,5.77,1,22,12,23,31
2026-07-24T19:00:00.000,0.003,0.019,0.022,0.026,0.07,6.42,5.74,2,19,12,22,28
2026-07-24T20:00:00.000,0.004,0.017,0.021,0.024,0.09,6.39,6.16,3,17,12,24,26
2026-07-24T21:00:00.000,0.011,0.004,0.015,0.02,0.13,6.36,6.68,9,4,12,26,26
2026-07-24T22:00:00.000,0.011,0.003,0.011,0.017,0.17,7.27,7.04,9,3,14,28,28
2026-07-24T23:00:00.000,0.01,0.004,0.007,0.013,0.22,8.53,7.26,8,4,17,29,29
2026-07-25T00:00:00.000,0.009,0.003,0.004,0.012,0.24,9.42,7.61,7,3,18,30,30
2026-07-25T01:00:00.000,0.008,0.005,0.004,0.01,0.29,9.66,8.07,6,5,19,32,32
2026-07-25T02:00:00.000,0.007,0.003,0.004,0.007,0.33,9.79,8.51,6,3,19,34,34
2026-07-25T03:00:00.000,0.006,0.001,0.003,0.005,0.35,9.67,8.87,5,1,19,35,35
2026-07-25T04:00:00.000,0.005,0,0.002,0.003,0.38,9.75,9.14,4,0,19,36,36
2026-07-25T05:00:00.000,0.005,0.001,0.001,0.002,0.39,9.94,9.31,4,1,19,37,37
2026-07-25T06:00:00.000,0.004,0.001,0.001,0.002,0.41,10.34,9.43,3,1,20,37,37
2026-07-25T07:00:00.000,0.004,0,0,0.002,0.42,10.44,9.55,3,0,20,38,38
2026-07-25T08:00:00.000,0.004,0.001,0.001,0.001,0.46,10.75,9.69,3,1,21,38,38
2026-07-25T09:00:00.000,0.005,0.004,0.002,0.001,0.45,10.96,10.02,4,4,21,40,40
2026-07-25T10:00:00.000,0.005,0.01,0.004,0.002,0.44,10.85,10.58,4,10,21,42,42
2026-07-25T11:00:00.000,0.006,0.016,0.008,0.004,0.42,10.77,11.06,5,16,21,44,44
2026-07-25T12:00:00.000,0.005,0.021,0.013,0.007,0.4,10.82,11.26,4,21,21,45,45
2026-07-25T13:00:00.000,0.002,0.026,0.018,0.01,0.36,10.97,11.25,2,26,21,45,45
2026-07-25T14:00:00.000,0.001,0.027,0.022,0.013,0.31,11.07,11.1,1,27,22,44,44
2026-07-25T15:00:00.000,0,0.027,0.025,0.017,0.26,10.93,10.87,0,27,21,43,43
2026-07-25T16:00:00.000,,,,0.019,,10.79,10.64,,,21,42,
2026-07-25T17:00:00.000,0,0.027,0.027,0.022,0.16,10.42,10.47,0,27,20,41,41
2026-07-25T18:00:00.000,0.002,0.023,0.026,0.024,0.14,10.3,10.42,1,23,20,41,41
2026-07-25T19:00:00.000,0.004,0.018,0.023,0.024,0.14,10.42,10.92,3,18,20,43,43
2026-07-25T20:00:00.000,0.004,0.015,0.021,0.023,0.15,10.74,10.84,3,15,21,43,43
2026-07-25T21:00:00.000,0.006,0.011,0.017,0.021,0.16,11.08,10.4,5,11,22,41,41
2026-07-25T22:00:00.000,0.006,0.009,0.013,0.019,0.19,10.31,10.08,5,9,20,40,40
2026-07-25T23:00:00.000,0.007,0.006,0.01,0.016,0.23,9.3,9.93,5,6,18,39,39
2026-07-26T00:00:00.000,0.006,0.004,0.008,0.014,0.25,8.62,10,5,4,17,40,40
2026-07-26T01:00:00.000,0.005,0.002,0.005,0.011,0.3,8.66,10.08,4,2,17,40,40
2026-07-26T02:00:00.000,0.004,0.001,0.003,0.008,0.34,8.91,10.08,3,1,17,40,40
2026-07-26T03:00:00.000,0.003,0.001,0.002,0.006,0.4,9.42,10.16,2,1,18,40,40
2026-07-26T04:00:00.000,0.002,0.001,0.001,0.004,0.46,9.84,10.39,2,1,19,41,41
2026-07-26T05:00:00.000,0.002,0.001,0.001,0.003,0.52,10.2,10.81,2,1,20,43,43
2026-07-26T06:00:00.000,0.002,0.001,0.001,0.002,0.56,10.41,11.19,2,1,20,44,44
2026-07-26T07:00:00.000,0.002,0.001,0.001,0.001,0.58,10.86,11.48,2,1,21,45,45
2026-07-26T08:00:00.000,0.003,0.001,0.001,0.001,0.58,10.73,11.69,2,1,21,46,46
2026-07-26T09:00:00.000,0.002,0.005,0.002,0.001,0.57,10.37,11.69,2,5,20,46,46
2026-07-26T10:00:00.000,0.003,0.009,0.004,0.002,0.53,9.77,11.46,2,9,19,45,45
2026-07-26T11:00:00.000,0.004,0.01,0.006,0.004,0.48,9.59,11.18,3,10,19,44,44
2026-07-26T12:00:00.000,0.004,0.011,0.009,0.005,0.42,9.56,11.05,3,11,19,44,44
2026-07-26T13:00:00.000,0.004,0.013,0.011,0.006,0.36,9.45,11.14,3,13,18,44,44
2026-07-26T14:00:00.000,0.004,0.016,0.012,0.008,0.31,9.7,11.36,3,16,19,45,45
2026-07-26T15:00:00.000,0.004,0.017,0.014,0.01,0.26,10.08,11.55,3,17,20,46,46
2026-07-26T16:00:00.000,,,,0.012,,10.3,11.76,,,20,47,
2026-07-26T17:00:00.000,0.002,0.019,0.017,0.014,0.22,10.52,11.85,1,19,21,47,47
2026-07-26T18:00:00.000,0.004,0.015,0.017,0.014,0.22,10.61,11.76,3,15,21,47,47
2026-07-26T19:00:00.000,0.008,0.006,0.013,0.014,0.26,10.91,11.23,7,6,21,44,44
2026-07-26T20:00:00.000,0.01,0.002,0.01,0.012,0.31,11.45,11.19,8,2,22,44,44
2026-07-26T21:00:00.000,0.009,0.001,0.006,0.011,0.37,11.98,11.65,7,1,23,46,46
2026-07-26T22:00:00.000,0.007,0.002,0.002,0.009,0.44,12.5,12.29,6,2,25,49,49
2026-07-26T23:00:00.000,0.005,0.001,0.001,0.006,0.52,13.23,13.07,4,1,26,52,52
2026-07-27T00:00:00.000,0.005,0.001,0.001,0.006,0.51,13.82,13.59,4,1,27,54,54
2026-07-27T01:00:00.000,0.002,0.003,0.002,0.004,0.52,13.87,13.81,2,3,27,55,55
2026-07-27T02:00:00.000,0.001,0.006,0.003,0.003,0.51,13.31,13.7,1,6,26,54,54
2026-07-27T03:00:00.000,0.001,0.007,0.004,0.003,0.47,12.47,13.28,0,7,24,53,53
2026-07-27T04:00:00.000,0,0.007,0.006,0.003,0.42,11.61,12.59,0,7,23,50,50
2026-07-27T05:00:00.000,0,0.008,0.007,0.004,0.36,10.82,11.67,0,8,21,46,46
2026-07-27T06:00:00.000,0,0.008,0.007,0.005,0.29,10.12,10.79,0,8,20,43,43
2026-07-27T07:00:00.000,0.001,0.006,0.007,0.006,0.22,9.29,9.97,1,6,18,39,39
2026-07-27T08:00:00.000,0.002,0.003,0.006,0.006,0.18,8.72,9.29,2,3,17,37,37
2026-07-27T09:00:00.000,0.003,0.007,0.006,0.006,0.18,8.42,8.71,2,7,16,34,34
2026-07-27T10:00:00.000,0.002,0.014,0.007,0.007,0.18,8.47,8.41,2,14,16,33,33
2026-07-27T11:00:00.000,,0.018,0.01,0.009,0.18,8.22,8.36,,18,16,33,33
2026-07-27T12:00:00.000,0,0.02,0.015,0.01,0.19,7.96,8.36,0,20,15,33,33
2026-07-27T13:00:00.000,0,0.022,0.018,0.012,0.19,7.97,8.26,0,22,15,33,33
2026-07-27T14:00:00.000,0,0.028,0.022,0.015,0.2,7.73,8.14,0,28,15,32,32
2026-07-27T15:00:00.000,0,0.03,0.025,0.018,0.2,7.43,8.12,0,30,14,32,32
2026-07-27T16:00:00.000,,,,0.02,,7.52,8.15,,,15,32,
2026-07-27T17:00:00.000,0,0.025,0.028,0.022,0.2,8.05,8.24,0,25,16,32,35
2026-07-27T18:00:00.000,0.002,0.016,0.024,0.023,0.2,8.62,8.7,2,16,17,34,34
2026-07-27T19:00:00.000,0.006,0.006,0.016,0.021,0.23,8.82,8.89,5,6,17,35,35
2026-07-27T20:00:00.000,0.011,0.002,0.012,0.018,0.29,8.46,8.83,9,2,16,35,35
2026-07-27T21:00:00.000,0.011,0.002,0.006,0.015,0.36,8.05,8.83,9,2,16,35,35
2026-07-27T22:00:00.000,0.01,0.002,0.003,0.012,0.44,7.69,9.02,8,2,15,36,36
2026-07-27T23:00:00.000,0.008,0.003,0.002,0.008,0.54,6.64,9.25,7,3,13,37,37
2026-07-28T00:00:00.000,0.008,0.002,0.002,0.007,0.57,5.09,9.8,6,2,10,39,39
2026-07-28T01:00:00.000,0.007,0.001,0.002,0.004,0.64,3.66,10.35,6,1,7,41,41
2026-07-28T02:00:00.000,0.006,0.001,0.002,0.002,0.7,2.87,10.89,5,1,5,43,43
2026-07-28T03:00:00.000,0.005,0.001,0.001,0.002,0.72,2.67,11.54,4,1,5,46,46
2026-07-28T04:00:00.000,0.004,0.011,0.003,0.003,0.68,2.71,12.21,3,11,5,48,48
2026-07-28T05:00:00.000,0,0.017,0.007,0.005,0.62,2.71,12.69,0,17,5,50,50
2026-07-28T06:00:00.000,0,0.018,0.012,0.007,0.55,2.64,12.94,0,18,5,51,51
2026-07-28T07:00:00.000,0,0.017,0.015,0.008,0.47,3.33,13.11,0,17,6,52,52
2026-07-28T08:00:00.000,0.002,0.015,0.017,0.01,0.4,4.28,13.07,1,15,8,52,52
2026-07-28T09:00:00.000,0.002,0.02,0.017,0.012,0.33,3.48,12.95,1,20,6,51,51
2026-07-28T10:00:00.000,0.001,0.023,0.019,0.015,0.27,0,12.68,1,23,0,50,50
2026-07-28T11:00:00.000,0,0.028,0.021,0.018,0.21,0,12.33,0,28,0,49,49
2026-07-28T12:00:00.000,0,0.027,0.024,0.02,0.2,0,12.04,0,27,0,48,48
2026-07-28T13:00:00.000,0,0.025,0.026,0.022,0.2,0,11.89,0,25,0,47,47
2026-07-28T14:00:00.000,0,0.028,0.027,0.023,0.2,6.32,11.85,0,28,12,47,47
2026-07-28T15:00:00.000,0,0.027,0.027,0.024,0.2,10.41,11.78,0,27,20,47,47
2026-07-28T16:00:00.000,,,,0.025,,10.01,11.68,,,20,46,
2026-07-28T17:00:00.000,0,0.025,0.027,0.026,0.19,8.06,11.69,0,25,16,46,46
2026-07-28T18:00:00.000,0,0.021,0.024,0.026,0.19,5.99,11.88,0,21,11,47,47
2026-07-28T19:00:00.000,0,0.02,0.022,0.025,0.19,4.65,11.89,0,20,9,47,47
2026-07-28T20:00:00.000,0,0.021,0.022,0.024,0.2,3.87,11.51,0,21,7,46,46
2026-07-28T21:00:00.000,0,0.021,0.021,0.023,0.2,3.09,10.78,0,21,6,43,43
2026-07-28T22:00:00.000,0,0.022,0.021,0.022,0.2,2.66,9.95,0,22,5,39,39
2026-07-28T23:00:00.000,0,0.02,0.021,0.021,0.21,2.09,9.06,0,20,4,36,36
2026-07-29T00:00:00.000,0,0.021,0.021,0.021,0.21,2.13,7.53,0,21,4,30,30
2026-07-29T01:00:00.000,0,0.022,0.021,0.021,0.21,2.2,6.02,0,22,4,24,26
2026-07-29T02:00:00.000,0,0.022,0.021,0.021,0.22,2.04,4.76,0,22,4,19,27
2026-07-29T03:00:00.000,0,0.021,0.021,0.021,0.22,1.54,3.55,0,21,3,14,27
2026-07-29T04:00:00.000,0,0.022,0.022,0.021,0.22,1.11,2.54,0,22,2,10,28
2026-07-29T05:00:00.000,0,0.025,0.023,0.022,0.22,0.91,2.28,0,25,1,9,29
2026-07-29T06:00:00.000,0,0.027,0.024,0.023,0.23,0.7,2.38,0,27,1,9,30
2026-07-29T07:00:00.000,0,0.03,0.026,0.024,0.23,0.63,2.16,0,30,1,8,33
2026-07-29T08:00:00.000,0,0.031,0.028,0.025,0.23,0.64,2.12,0,31,1,8,36
2026-07-29T09:00:00.000,0,0.03,0.03,0.026,0.22,0.74,2.51,0,30,1,10,37
2026-07-29T10:00:00.000,0,0.031,0.031,0.027,0.22,1.56,2.7,0,31,3,10,38
2026-07-29T11:00:00.000,0,0.031,0.031,0.029,0.22,2.56,2.71,0,31,5,10,39
2026-07-29T12:00:00.000,0,0.031,0.031,0.03,0.21,3.3,2.66,0,31,6,10,39
2026-07-29T13:00:00.000,0,0.03,0.031,0.03,0.2,3.62,2.65,0,30,7,10,39
2026-07-29T14:00:00.000,0,0.03,0.031,0.031,0.2,3.64,2.67,0,30,7,10,39
2026-07-29T15:00:00.000,0,0.029,0.03,0.031,0.19,3.27,2.77,0,29,6,11,38
2026-07-29T16:00:00.000,,,,0.03,,3.07,2.88,,,6,11,
2026-07-29T17:00:00.000,0,0.028,0.029,0.03,0.18,3.07,3.06,0,28,6,12,36
2026-07-29T18:00:00.000,0,0.028,0.028,0.03,0.18,2.97,3.33,0,28,5,13,36
2026-07-29T19:00:00.000,0,0.027,0.027,0.029,0.18,2.63,3.66,0,27,5,14,34
2026-07-29T20:00:00.000,0,0.026,0.027,0.028,0.18,2.23,3.86,0,26,4,15,34
2026-07-29T21:00:00.000,0,0.026,0.027,0.028,0.19,2.07,3.88,0,26,4,15,34
2026-07-29T22:00:00.000,0,0.024,0.026,0.027,0.2,1.97,3.68,0,24,3,14,32
2026-07-29T23:00:00.000,0.001,0.018,0.024,0.025,0.23,1.97,3.81,0,18,3,15,30
2026-07-30T00:00:00.000,0.003,0.012,0.02,0.024,0.26,1.84,4.09,2,12,3,16,25
2026-07-30T01:00:00.000,0.002,0.012,0.016,0.022,0.29,2.41,4.43,2,12,4,17,21
2026-07-30T02:00:00.000,0.001,0.01,0.013,0.019,0.32,3.19,4.82,1,10,6,19,19
2026-07-30T03:00:00.000,0.001,0.006,0.01,0.017,0.35,3.87,5.34,1,6,7,21,21
2026-07-30T04:00:00.000,0.001,0.003,0.007,0.014,0.4,4.49,5.88,1,3,8,23,23
2026-07-30T05:00:00.000,0.002,0.001,0.005,0.011,0.44,5.08,6.1,2,1,10,24,24
2026-07-30T06:00:00.000,0.002,0.001,0.002,0.008,0.48,5.57,6.21,2,1,11,24,24
2026-07-30T07:00:00.000,0.003,0.001,0.001,0.006,0.52,6.04,6.74,2,1,12,26,26
2026-07-30T08:00:00.000,0.004,0.001,0.001,0.004,0.55,6.48,7.21,3,1,12,28,28
2026-07-30T09:00:00.000,0.005,0.003,0.001,0.003,0.57,7.12,7.34,4,3,14,29,29
2026-07-30T10:00:00.000,0.006,0.007,0.003,0.003,0.59,7.12,7.83,5,7,14,31,31
2026-07-30T11:00:00.000,0.007,0.016,0.007,0.004,0.57,6.93,8.46,6,16,13,33,33
2026-07-30T12:00:00.000,0.002,0.025,0.013,0.007,0.53,6.38,8.96,1,25,12,35,35
2026-07-30T13:00:00.000,0,0.028,0.019,0.01,0.49,6.17,9.3,0,28,12,37,37
2026-07-30T14:00:00.000,0,0.027,0.024,0.013,0.45,5.88,9.38,0,27,11,37,37
2026-07-30T15:00:00.000,0,0.026,0.026,0.017,0.41,5.93,9.29,0,26,11,37,37
2026-07-30T16:00:00.000,,,,0.019,,6.15,9.14,,,12,36,
2026-07-30T17:00:00.000,0,0.02,0.024,0.021,0.31,6.52,8.8,0,20,13,35,35
2026-07-30T18:00:00.000,0.002,0.016,0.021,0.023,0.27,7.31,8.26,1,16,14,33,33
2026-07-30T19:00:00.000,0.009,0.003,0.013,0.021,0.31,8.37,7.88,7,3,16,31,31
2026-07-30T20:00:00.000,0.011,0.002,0.01,0.017,0.34,9.49,7.94,9,2,18,31,31
2026-07-30T21:00:00.000,0.01,0.001,0.005,0.013,0.38,10.52,8.45,8,1,21,33,33
2026-07-30T22:00:00.000,0.009,0.001,0.002,0.01,0.43,11.23,9.22,7,1,22,36,36
2026-07-30T23:00:00.000,0.009,0.003,0.002,0.007,0.5,12.14,9.48,7,3,24,37,37
2026-07-31T00:00:00.000,0.008,0.002,0.002,0.006,0.5,13.26,10,7,2,26,40,40
2026-07-31T01:00:00.000,0.008,0.003,0.002,0.004,0.55,13.62,10.54,6,3,27,42,42
2026-07-31T02:00:00.000,0.007,0.003,0.003,0.002,0.6,13.82,10.95,6,3,27,43,43
2026-07-31T03:00:00.000,0.005,0.003,0.003,0.002,0.62,14.23,11.33,4,3,28,45,45
2026-07-31T04:00:00.000,0.004,0.003,0.003,0.002,0.64,14.58,11.62,3,3,29,46,46
2026-07-31T05:00:00.000,0.003,0.003,0.003,0.003,0.65,14.74,11.73,3,3,29,46,46
2026-07-31T06:00:00.000,0.004,0.001,0.003,0.003,0.65,14.89,11.67,3,1,29,46,46
2026-07-31T07:00:00.000,0.004,0.001,0.002,0.002,0.64,14.88,11.56,3,1,29,46,46
2026-07-31T08:00:00.000,0.005,0.002,0.002,0.002,0.67,14.83,11.51,4,2,29,46,46
2026-07-31T09:00:00.000,0.006,0.012,0.004,0.003,0.64,14.63,11.56,5,12,29,46,46
2026-07-31T10:00:00.000,0.005,0.026,0.01,0.006,0.58,14.29,11.42,4,26,28,45,45
2026-07-31T11:00:00.000,0.001,0.029,0.017,0.01,0.53,13.82,11.08,1,29,27,44,44
2026-07-31T12:00:00.000,0,0.03,0.024,0.013,0.47,13.51,10.75,0,30,27,43,43
2026-07-31T13:00:00.000,0,0.031,0.029,0.017,0.43,13.16,10.42,0,31,26,41,41
2026-07-31T14:00:00.000,0,0.032,0.031,0.02,0.38,13.29,10.21,0,32,26,40,40
2026-07-31T15:00:00.000,0,0.032,0.031,0.024,0.33,13.18,10.46,0,32,26,41,41
2026-07-31T16:00:00.000,,,,0.027,,12.98,10.9,,,25,43,
2026-07-31T17:00:00.000,0,0.03,0.031,0.03,0.23,12.74,11.15,0,30,25,44,44
2026-07-31T18:00:00.000,0.002,0.018,0.027,0.029,0.25,12.38,10.87,1,18,24,43,43
