date,sessions,signups,trials_started,active_users,mrr,arr,cac,latency_ms,latency_sec,p99_latency_ms,cpu_util_pct,error_rate,success_rate,uptime_pct,churn_pct,support_tickets,nps
2024-01-01,4869.8901,63.5145,46.3443,1439.8196,48670.6960,584089.9373,237.7713,177.2401,0.1772,587.2066,47.9980,0.0186,0.9814,99.3572,2.4604,89.0335,44.8521
2024-01-02,5323.3121,75.1961,54.2924,1838.1018,51520.4709,618261.8963,231.5541,185.4895,0.1855,611.8187,43.0650,0.0212,0.9788,99.2522,2.4021,87.5904,40.2061
2024-01-03,5872.1096,83.6853,59.7816,1811.7251,52767.3577,633241.4490,227.5065,182.4513,0.1825,617.9248,43.9463,0.0186,0.9814,99.3503,2.4197,86.6352,38.5544
2024-01-04,5626.2377,84.2123,61.1240,1790.8648,51770.1421,621283.6264,230.5752,179.2646,0.1793,588.2956,46.5112,0.0190,0.9810,99.3279,2.4708,88.7895,42.7820
2024-01-05,6040.0236,84.1747,60.5178,1894.3939,51875.6305,622563.1996,227.1682,194.4830,0.1945,660.8380,49.2067,0.0217,0.9783,99.2625,2.1690,90.0948,40.1540
2024-01-06,5515.7088,73.9145,53.6048,1711.1413,51042.6142,612552.0199,225.6017,193.7519,0.1938,670.3670,43.7014,0.0222,0.9778,99.2222,2.1781,91.7711,42.1437
2024-01-07,5696.7138,84.1679,60.3258,1877.0589,50506.6763,606076.0996,234.5261,202.2898,0.2023,656.2820,46.4044,0.0226,0.9774,99.1777,2.1032,91.9193,42.7894
2024-01-08,5723.4565,75.3389,54.4221,1813.5403,51490.9097,617893.9510,233.5103,189.6535,0.1897,643.2903,44.0524,0.0214,0.9786,99.2325,2.3333,91.7783,49.1903
2024-01-09,5921.7385,82.3336,58.4761,1840.1714,51782.3173,621403.7954,237.8311,191.9999,0.1920,657.3302,44.6819,0.0210,0.9790,99.2991,2.3111,92.7678,44.7597
2024-01-10,5172.8341,70.9255,51.2499,1637.9644,48356.9371,580278.0769,243.9331,197.1981,0.1972,664.5451,45.1878,0.0226,0.9774,99.2326,2.1209,92.3207,42.7848
2024-01-11,5998.0274,83.8024,59.5850,1914.2808,51724.6517,620686.0960,241.8318,178.8807,0.1789,613.5417,41.4034,0.0188,0.9812,99.3585,2.3511,93.7071,42.3173
2024-01-12,6069.9933,79.1996,57.1036,1966.9284,50484.9775,605893.2957,243.1189,172.0359,0.1720,591.5749,37.7419,0.0165,0.9835,99.4064,2.5683,93.8756,43.0489
2024-01-13,6068.8743,87.3745,61.6549,1974.8116,52348.9876,628206.9842,237.1297,149.6582,0.1497,522.1462,36.1914,0.0125,0.9875,99.5737,3.2291,94.8428,43.4643
2024-01-14,6252.5049,90.6374,65.2263,1978.8474,52920.5508,635121.5621,232.5716,148.0514,0.1481,536.6613,30.1032,0.0122,0.9878,99.5931,3.2186,93.9150,40.1768
2024-01-15,5990.3942,84.8466,61.4459,1920.9226,51052.3507,612597.4176,235.7611,143.6916,0.1437,493.0396,35.0441,0.0120,0.9880,99.5818,3.3864,96.1200,43.5303
2024-01-16,6318.0265,91.1586,65.8730,2184.0958,51863.5830,622361.1185,234.7299,152.7692,0.1528,509.1458,33.6158,0.0133,0.9867,99.5492,3.0833,96.3811,39.9872
2024-01-17,6654.9567,95.9450,69.6709,2150.3336,53000.7647,635991.6991,229.9593,159.3982,0.1594,530.1533,36.0619,0.0132,0.9868,99.5621,2.8991,97.1969,40.3459
2024-01-18,6625.5193,94.8013,67.7254,2243.0165,53144.7808,637721.6789,232.8421,143.0021,0.1430,471.8480,31.3072,0.0111,0.9889,99.6324,3.3644,96.3084,41.7573
2024-01-19,6586.6525,94.0232,68.4709,2123.9733,53083.7277,636993.0578,234.9096,143.3037,0.1433,496.4343,36.9770,0.0119,0.9881,99.5934,3.3907,95.4874,45.0268
2024-01-20,6667.8638,94.7064,68.9814,2199.9437,53142.4620,637704.4746,239.6789,165.4094,0.1654,567.1082,32.4701,0.0152,0.9848,99.4768,2.7515,96.3445,44.4581
2024-01-21,6616.1509,86.4758,61.6681,2125.6818,51909.9693,622902.2063,236.1838,165.5485,0.1655,569.0931,39.4022,0.0148,0.9852,99.4572,2.7007,94.3741,33.2741
2024-01-22,5964.5754,84.3205,60.3165,1842.2982,50862.2145,610417.8911,228.8201,181.6609,0.1817,620.6407,41.0117,0.0186,0.9814,99.3445,2.4809,95.8860,45.5931
2024-01-23,6208.5322,78.0100,55.8837,2005.3577,51920.8785,623077.1856,239.1870,183.6572,0.1837,644.3394,40.5105,0.0177,0.9823,99.3962,2.2853,95.1801,42.1935
2024-01-24,6050.1072,77.0993,55.4989,2043.3607,50546.3077,606526.0339,232.9261,198.4296,0.1984,688.4949,48.1623,0.0208,0.9792,99.3074,2.1493,96.3558,42.2494
2024-01-25,5306.4974,71.9743,51.9121,1836.0222,49471.0780,593631.1797,239.5159,209.0263,0.2090,723.5342,49.2017,0.0243,0.9757,99.1542,2.0597,95.5765,46.3209
2024-01-26,4919.0172,65.3445,45.8271,1703.0265,48663.3897,583990.0750,229.3191,213.1969,0.2132,717.2280,50.5839,0.0237,0.9763,99.1934,2.1641,95.5323,39.8861
2024-01-27,5028.1958,59.8626,43.3930,1635.9080,47864.8634,574399.8160,233.8513,211.5379,0.2115,715.9078,50.5093,0.0236,0.9764,99.1762,2.1681,95.6456,38.9265
2024-01-28,4415.0055,54.6207,39.1994,1457.2863,47695.9212,572326.7757,226.9716,233.0897,0.2331,777.3077,53.1997,0.0278,0.9722,99.0092,2.1233,96.7625,36.1528
2024-01-01,3967.8432,46.9411,33.2929,1265.8570,45010.3910,540161.2168,229.6297,221.8018,0.2218,746.8259,56.1296,0.0259,0.9741,99.1032,2.1108,95.7419,38.5200
2024-01-02,3949.4702,43.8381,32.0311,1343.4406,45849.9024,550141.9852,231.4934,193.1094,0.1931,658.2228,47.7652,0.0206,0.9794,99.2888,2.1969,96.4195,44.4257
2024-02-03,4495.2825,51.7153,37.0630,1541.8606,46067.5001,552791.1941,235.6993,219.8753,0.2199,733.3426,49.2228,0.0243,0.9757,99.1302,2.0204,96.7860,39.6025
2024-02-04,4280.5900,46.1260,33.7704,1434.9672,45974.8309,551766.2933,244.6677,190.8868,0.1909,641.8695,44.9867,0.0194,0.9806,99.3044,2.2011,97.7312,38.9317
2024-02-05,3755.7651,42.2909,30.7110,1208.1983,45156.8275,541778.6120,239.7126,195.7753,0.1958,690.6479,44.4245,0.0221,0.9779,99.2279,2.2160,96.7332,43.1437
2024-02-06,4273.1119,44.1231,31.6087,1433.3422,46269.5709,555226.7014,228.4021,206.1822,0.2062,699.3631,48.2039,0.0226,0.9774,99.1998,2.1551,96.7488,38.9891
2024-02-07,4673.6766,53.6070,39.1743,1533.3825,47716.9706,572642.7030,231.8421,202.1581,0.2022,669.7338,50.0600,0.0234,0.9766,99.1912,2.1006,95.8725,39.7381
2024-02-08,4531.1824,45.5463,33.1895,1506.6629,46609.4171,559307.1939,228.6190,224.1421,0.2241,747.5610,54.8762,0.0265,0.9735,99.0454,2.1139,95.4242,39.5897
2024-02-09,4375.5168,52.9668,37.8845,1411.6265,49103.6044,589212.2495,224.9067,209.6318,0.2096,712.2719,49.4090,0.0232,0.9768,99.2045,2.1572,96.7282,43.1448
2024-02-10,4783.8832,66.3515,46.9748,1555.0811,50139.1972,601635.0520,223.5070,198.4704,0.1985,685.5806,45.7990,0.0221,0.9779,99.2142,2.2543,98.1707,39.9151
2024-02-11,4762.5705,60.2844,43.1326,1485.0698,49402.0500,592742.1170,226.6927,204.6062,0.2046,695.1714,48.0951,0.0239,0.9761,99.1711,2.1503,97.0592,40.4678
2024-02-12,4540.0010,55.3128,40.1277,1401.8549,48760.0744,585068.3135,213.8748,213.3655,0.2134,736.5154,48.3711,0.0245,0.9755,99.1106,2.0516,96.8744,41.4043
2024-02-13,4520.8918,65.5356,47.0658,1284.8172,51349.7393,616199.4241,217.7935,229.8802,0.2299,785.9593,55.0536,0.0283,0.9717,99.0301,2.0503,96.7963,36.5170
2024-02-14,4432.6722,66.7043,48.8957,1417.4099,51708.6787,620481.5294,214.8134,236.9093,0.2369,792.5896,57.4703,0.0294,0.9706,98.9753,2.2066,95.6628,41.1936
2024-02-15,5017.3110,72.8438,52.5740,1587.5809,52165.5234,625985.7151,204.1689,223.0868,0.2231,771.5719,52.6094,0.0268,0.9732,99.1060,2.0919,95.2000,36.5920
2024-02-16,4571.1242,66.4860,47.9637,1372.7455,51537.6192,618445.4443,214.4891,243.3567,0.2434,822.5077,57.2318,0.0308,0.9692,98.8896,2.2422,93.9169,38.3823
2024-02-17,4080.8282,61.1576,44.2303,1365.4061,51474.2273,617701.9471,206.9466,247.4034,0.2474,864.5593,58.7133,0.0319,0.9681,98.8480,2.2926,94.5968,40.5097
2024-02-18,3925.4942,67.2223,47.9617,1289.5261,50318.3770,603754.7093,201.1435,244.9974,0.2450,826.4524,60.7086,0.0318,0.9682,98.9032,2.2656,93.4568,42.2474
2024-02-19,3439.3803,45.5246,32.7149,1161.1301,48499.8015,581985.3561,205.5615,230.6478,0.2306,783.0596,56.1619,0.0292,0.9708,98.9948,2.1588,95.1683,41.1422
2024-02-20,3426.4349,47.7430,34.0460,1037.4110,49110.4018,589311.3462,201.9452,207.1050,0.2071,698.1543,49.1402,0.0269,0.9731,99.0222,2.1578,92.8081,45.0153
2024-02-21,3649.6680,46.7448,32.4946,1090.1471,49438.3454,593247.7494,207.4311,220.1157,0.2201,745.7419,56.6808,0.0275,0.9725,99.0469,2.0539,93.5018,42.2372
2024-02-22,3433.4264,46.1898,32.3763,1050.8418,48678.6550,584108.6187,201.7398,230.8137,0.2308,790.8985,58.0921,0.0291,0.9709,99.0015,2.2616,94.2370,43.5726
2024-02-23,3826.7304,59.2109,42.9933,1201.5059,49730.2051,596675.5792,196.5808,218.6636,0.2187,741.7850,54.6723,0.0275,0.9725,99.0659,2.1849,93.4546,40.4771
2024-02-24,3985.9523,58.6088,41.9766,1278.6886,51047.9193,612599.9539,206.1566,223.5104,0.2235,774.8843,55.3045,0.0283,0.9717,99.0125,2.0974,91.4080,39.9811
2024-02-25,4005.8014,62.7091,45.0876,1126.8259,50475.3892,605736.8524,204.7161,230.4722,0.2305,789.3749,56.7563,0.0295,0.9705,98.9378,2.1669,91.6204,46.8289
2024-02-26,4384.8258,59.5553,42.1477,1285.2842,50901.6415,610913.4961,210.9024,208.4179,0.2084,728.3970,51.5627,0.0274,0.9726,99.0027,2.2029,90.1435,37.0367
2024-02-27,4783.2134,70.8536,50.7215,1288.3160,52620.0010,631468.8606,208.7695,190.8284,0.1908,650.2991,50.4551,0.0227,0.9773,99.2485,2.1961,91.4524,45.3299
2024-02-28,4422.0911,57.6882,41.9194,1277.4621,50827.8213,609998.8398,210.5909,188.2291,0.1882,656.2526,50.4902,0.0218,0.9782,99.2441,2.2468,91.5800,39.6565
2024-02-01,4336.9125,56.2830,40.5688,1316.4982,51276.5526,615342.1483,210.9143,186.0340,0.1860,647.7218,49.3787,0.0224,0.9776,99.2363,2.2774,91.5560,43.8459
2024-02-02,4519.4343,66.8508,47.8737,1353.4772,52436.9709,629228.5465,217.4902,177.4002,0.1774,602.0870,46.1644,0.0216,0.9784,99.2373,2.3953,91.6830,38.0666
2024-02-03,4144.4880,50.3957,37.0373,1333.8421,50363.9434,604386.8988,208.9754,197.9225,0.1979,704.3288,51.6188,0.0263,0.9737,99.0752,2.2197,92.5814,43.3333
2024-02-04,4247.0013,55.2966,39.7811,1258.2310,50362.9693,604309.3633,215.9962,206.3463,0.2063,720.5753,51.9992,0.0263,0.9737,99.0766,2.1084,92.5473,42.8060
2024-03-05,4012.8735,52.7253,37.7867,1113.4211,49374.3714,592502.0178,210.1159,219.2928,0.2193,752.8930,58.5317,0.0289,0.9711,98.9704,2.1074,93.1987,35.6462
2024-03-06,4308.3554,61.3611,44.7422,1180.5227,51970.7396,623644.5036,205.4890,185.0933,0.1851,627.6404,45.7323,0.0223,0.9777,99.2135,2.3325,93.6294,39.9750
2024-03-07,3966.2084,58.7867,41.4674,1133.1280,50065.2591,600741.2823,208.2344,175.5805,0.1756,596.7248,44.9557,0.0209,0.9791,99.2477,2.4780,92.9942,43.7720
2024-03-08,4139.8748,56.6240,41.0386,1268.7293,51025.0563,612349.0262,203.1297,172.5790,0.1726,585.4460,43.4092,0.0198,0.9802,99.2998,2.6401,94.3110,44.8706
2024-03-09,4059.7018,57.8519,41.1005,1063.4091,53051.4906,636662.1410,211.4284,176.2991,0.1763,603.6213,43.4224,0.0205,0.9795,99.3070,2.4663,96.2222,42.7506
2024-03-10,3872.5896,58.5918,41.7943,1021.5457,51978.6722,623762.3351,206.4812,211.1845,0.2112,705.0961,55.9547,0.0267,0.9733,99.0648,2.0538,97.5436,40.2037
2024-03-11,4070.4017,62.5401,44.6885,1144.7749,52150.6669,625840.2968,202.9020,199.1335,0.1991,678.5157,53.2700,0.0257,0.9743,99.0866,2.0854,97.6765,41.7218
2024-03-12,3995.2651,60.2247,43.4227,1094.8034,52257.6877,627157.4719,205.1193,174.9383,0.1749,588.2794,43.6020,0.0213,0.9787,99.2909,2.4621,98.4811,38.0454
2024-03-13,3938.3674,62.6280,45.1424,1152.1834,53068.4924,636816.6551,204.3593,184.3345,0.1843,647.6691,50.4222,0.0231,0.9769,99.2182,2.3502,97.1883,38.9425
2024-03-14,3952.8559,55.5534,40.1454,1073.7980,52897.0875,634711.5167,206.2287,178.5653,0.1786,617.2005,47.4814,0.0222,0.9778,99.2239,2.4446,96.1863,42.5359
2024-03-15,4466.6732,65.7108,47.4119,1265.0027,53358.4607,640263.8397,200.7011,166.4239,0.1664,586.8468,44.2053,0.0204,0.9796,99.2505,2.7041,95.1141,41.8636
2024-03-16,4619.1201,75.8999,55.3369,1310.0872,53937.6093,647278.9836,203.2519,187.2657,0.1873,666.3506,51.1374,0.0239,0.9761,99.1892,2.2721,94.3982,43.9538
2024-03-17,4530.8718,71.8334,52.5514,1298.5001,54967.7985,659622.7548,202.7706,177.1285,0.1771,608.8620,44.4145,0.0209,0.9791,99.2964,2.4867,95.3807,42.4078
2024-03-18,4858.9969,77.5104,56.1546,1473.0433,55820.3876,669785.8513,195.6199,159.1657,0.1592,566.3915,44.7493,0.0183,0.9817,99.3486,2.8988,94.3747,43.5982
2024-03-19,5313.9337,82.4146,59.7093,1454.0575,57328.5756,687995.3506,203.7683,155.5541,0.1556,534.3202,39.5583,0.0181,0.9819,99.3943,2.9016,93.5908,41.5809
2024-03-20,5926.8816,97.5404,70.0412,1620.8012,59191.7255,710309.3276,194.7142,150.5733,0.1506,520.4642,41.4591,0.0177,0.9823,99.3644,3.1465,91.7598,43.6860
2024-03-21,5220.4290,89.7109,64.0468,1420.5004,58166.5866,698063.1137,192.6100,146.4641,0.1465,487.4303,33.8758,0.0156,0.9844,99.4492,3.2802,90.9085,49.1267
2024-03-22,5635.9175,96.1459,69.5143,1627.1972,58402.2681,700872.1346,185.6778,169.6093,0.1696,578.5842,45.7797,0.0200,0.9800,99.2901,2.5980,88.8888,38.9982
2024-03-23,5759.6331,100.7126,72.5283,1695.3808,59601.5028,715200.9936,189.2644,167.2379,0.1672,586.8211,42.7769,0.0185,0.9815,99.3552,2.7332,89.9318,42.3079
2024-03-24,5680.4538,100.9999,73.1406,1701.8846,59741.4359,716901.2384,180.7663,154.7496,0.1547,533.0718,38.8931,0.0171,0.9829,99.3996,2.9999,89.7172,40.5406
2024-03-25,5300.4682,92.6256,65.7879,1576.2983,58054.3780,696623.6688,190.5988,167.9291,0.1679,567.3402,41.8192,0.0193,0.9807,99.3525,2.6074,90.8016,43.3802
2024-03-26,5917.5972,102.9428,75.4378,1762.5983,60500.1501,725968.7630,196.6068,162.8422,0.1628,554.6774,39.4121,0.0171,0.9829,99.3947,2.8313,92.4087,43.2843
2024-03-27,5437.2327,93.8793,66.9638,1503.3774,58194.2722,698319.7490,197.1074,166.6289,0.1666,558.5670,44.6212,0.0187,0.9813,99.3553,2.7877,92.9435,39.5423
2024-03-28,6054.7554,97.5457,70.2482,1770.2892,58618.1207,703437.6052,193.5084,190.4710,0.1905,640.4154,49.7239,0.0234,0.9766,99.1813,2.1871,93.3170,42.3942
2024-03-01,6197.7573,109.2881,79.1744,1888.4340,60196.9898,722418.5002,196.6390,193.5091,0.1935,641.5042,48.5844,0.0236,0.9764,99.1783,2.2165,93.4491,42.5614
2024-03-02,5699.3050,93.8332,66.8754,1639.3257,57426.8069,689086.7205,197.8249,207.9579,0.2080,721.4042,50.1190,0.0261,0.9739,99.0698,2.1676,92.9099,41.6233
2024-03-03,5610.2662,93.8356,67.2869,1665.4779,58074.8736,696926.7084,195.2313,202.9625,0.2030,704.2372,49.2319,0.0249,0.9751,99.1283,2.1767,90.2856,42.8828
2024-03-04,5529.0039,85.3419,60.4480,1651.2524,57309.1113,687711.3528,193.5826,223.8158,0.2238,760.5938,55.2483,0.0280,0.9720,99.0485,2.1746,90.4775,46.0478
2024-03-05,5259.9420,93.1286,66.3452,1632.4291,57804.2026,693642.2254,203.7200,206.9591,0.2070,688.3921,48.1971,0.0262,0.9738,99.1000,2.1972,89.6161,43.7659
2024-03-06,5882.1437,97.4753,69.2247,1749.6583,58568.3068,702865.0108,194.2371,220.9035,0.2209,749.1333,52.7024,0.0272,0.9728,99.0237,1.9992,88.4016,41.2140
2024-04-07,6480.4603,111.9917,80.6838,1894.7196,62283.1468,747384.3096,186.4917,217.3453,0.2173,764.1986,54.9576,0.0269,0.9731,99.0514,2.1411,87.6818,42.6914
2024-04-08,6031.1296,101.4642,73.1977,1843.6062,60848.1042,730232.5873,196.8881,222.0153,0.2220,739.7458,54.4985,0.0279,0.9721,99.0024,2.0118,87.6257,47.8798
2024-04-09,5891.9457,98.9907,71.1154,1813.5808,58439.8191,701265.3586,207.4344,230.0137,0.2300,776.8960,55.8615,0.0285,0.9715,98.9876,2.0903,88.4264,40.1707
2024-04-10,6302.5542,99.6544,72.3730,2017.7084,60078.7195,720908.8419,199.5765,214.1186,0.2141,723.2532,51.1735,0.0258,0.9742,99.0844,2.0360,87.2141,45.3020
2024-04-11,6501.8415,115.9315,84.1543,1999.8278,61892.7689,742744.5047,199.8175,209.8865,0.2099,724.2154,52.5549,0.0248,0.9752,99.1069,2.1372,85.6825,40.0321
2024-04-12,6856.5983,117.7900,84.8042,2140.4757,61393.4039,736663.8812,192.2282,219.6528,0.2197,732.4250,54.3456,0.0262,0.9738,99.0921,2.0041,86.9416,37.2855
2024-04-13,6869.9103,112.1888,80.6660,2134.9427,62600.8351,751163.8748,185.8546,233.2485,0.2332,797.1725,59.6608,0.0294,0.9706,98.9895,2.1764,87.5750,39.9638
2024-04-14,6709.8316,117.3343,84.3444,2095.2399,62377.8688,748527.9776,199.7816,215.0324,0.2150,722.1226,51.9003,0.0257,0.9743,99.1027,2.0099,88.4999,42.9986
2024-04-15,6779.6396,126.8357,91.0974,2280.6442,63430.6590,761168.9919,201.4254,211.5928,0.2116,716.0591,48.2178,0.0244,0.9756,99.1386,2.2228,88.1471,41.2993
2024-04-16,6648.5209,121.1586,87.8777,1965.0623,64059.2993,768701.9402,180.2473,214.0203,0.2140,713.9405,49.7206,0.0255,0.9745,99.1116,2.0690,86.4604,39.9289
2024-04-17,6209.1082,116.4486,83.9595,2027.1387,62974.7049,755619.0940,173.9528,211.9198,0.2119,727.8423,48.1398,0.0248,0.9752,99.1155,2.1025,88.0135,39.6838
2024-04-18,6699.1195,125.0976,89.9059,2100.8001,63512.3712,762096.4694,184.8761,230.7416,0.2307,779.5267,53.2323,0.0275,0.9725,99.0595,2.0811,89.4706,39.1565
2024-04-19,6996.5950,134.1920,96.5056,2252.5463,64660.5538,775948.0775,174.0728,244.9819,0.2450,826.7508,56.2552,0.0297,0.9703,99.0072,2.2654,88.7280,38.8565
2024-04-20,6771.0108,132.7339,95.8371,2089.5937,64512.1250,774168.0464,173.8255,253.3906,0.2534,875.7270,58.4037,0.0321,0.9679,98.8221,2.5111,89.1960,40.1973
2024-04-21,6538.6136,127.7188,91.7606,2129.2337,64518.6098,774184.3398,178.6292,254.0616,0.2541,868.9656,59.3024,0.0302,0.9698,98.9521,2.4597,90.4749,34.6401
2024-04-22,6434.7090,121.4919,87.6289,2040.2524,62032.4472,744401.1156,169.2561,245.7624,0.2458,865.0785,59.8623,0.0297,0.9703,98.9626,2.2416,93.4188,43.2471
2024-04-23,6275.3060,116.5390,83.8902,2079.1031,62862.7621,754362.5114,175.5632,255.5631,0.2556,874.9836,62.4645,0.0329,0.9671,98.8535,2.4429,94.8373,42.8288
2024-04-24,6805.3369,128.9053,93.4798,2296.4372,63417.1788,761047.7407,178.4052,245.7494,0.2457,837.5524,56.2421,0.0306,0.9694,98.9242,2.3010,95.4829,42.2697
2024-04-25,6750.6468,128.8815,93.3664,2123.1584,63725.8395,764682.1609,171.3893,235.7797,0.2358,804.1560,56.1794,0.0283,0.9717,98.9785,2.2970,95.2121,44.6574
2024-04-26,6147.8067,115.4829,82.4492,1917.4370,62184.9086,746278.0859,174.3517,231.8048,0.2318,822.3779,56.1938,0.0282,0.9718,99.0131,2.1519,94.6576,40.2200
2024-04-27,6680.2204,128.5365,92.4674,2253.2498,63753.3766,765029.7215,172.7088,222.0783,0.2221,771.1489,53.1577,0.0263,0.9737,99.0727,2.1342,94.5769,41.9457
2024-04-28,6567.3685,125.5021,90.7127,2269.3967,64114.3676,769431.0796,175.4995,222.2739,0.2223,753.3303,52.5579,0.0258,0.9742,99.0938,2.1715,93.7795,34.2991
2024-04-01,7645.9787,144.6712,103.9423,2486.2074,66877.9332,802573.2762,173.3233,225.7332,0.2257,772.3785,50.0281,0.0269,0.9731,99.0596,2.2640,94.5327,42.5191
2024-04-02,7551.2101,139.7859,101.0459,2330.4014,66005.2153,792023.7093,165.6933,219.5675,0.2196,741.3224,52.2351,0.0250,0.9750,99.1168,2.1410,94.7002,40.7827
2024-04-03,7533.0637,138.6192,99.9718,2355.9572,66103.4672,793230.5955,172.9088,221.5639,0.2216,762.3638,49.5377,0.0251,0.9749,99.1668,2.0430,94.4217,43.7429
2024-04-04,7073.4996,129.9161,93.8326,2367.1121,65039.4390,780485.9885,172.0867,208.5431,0.2085,704.0155,47.5041,0.0228,0.9772,99.1776,2.0538,93.2198,44.4556
2024-04-05,7320.3772,136.1753,98.0160,2491.6268,65681.7060,788222.2493,170.7359,228.8161,0.2288,772.2767,53.4526,0.0268,0.9732,99.0552,2.2401,93.3589,41.4338
2024-04-06,8164.4964,156.6387,112.9306,2636.6041,68137.8559,817600.5609,170.2405,206.5173,0.2065,708.5349,50.0093,0.0223,0.9777,99.1958,2.1454,92.9665,38.2299
2024-04-07,7805.7879,147.2640,106.2892,2448.4046,68922.5333,827051.8987,180.3961,215.7381,0.2157,750.9011,49.4583,0.0254,0.9746,99.1091,1.9848,93.4401,42.9443
2024-04-08,7438.3011,144.6211,103.4033,2484.9108,67794.7562,813563.2146,177.4168,221.6577,0.2217,764.9927,50.8901,0.0247,0.9753,99.1685,2.0765,92.3224,44.4408
2024-05-09,7887.8829,144.3742,103.4989,2467.3872,67780.0005,813380.4218,183.9019,240.1562,0.2402,826.5945,55.1880,0.0281,0.9719,99.0146,2.2112,93.1415,44.6349
2024-05-10,7657.4551,136.6994,97.9228,2433.6513,65689.0564,788228.2301,193.8197,231.4234,0.2314,788.3778,52.9965,0.0270,0.9730,99.0402,2.1356,93.0170,40.4006
2024-05-11,7399.3462,136.6141,99.1927,2352.5935,65385.8319,784595.6248,192.1188,212.5751,0.2126,694.6213,50.7332,0.0245,0.9755,99.1156,2.1406,95.3175,39.2264
2024-05-12,7523.2792,136.8782,98.7026,2385.6894,65883.8015,790624.0701,184.9000,197.0594,0.1971,668.9935,44.5191,0.0208,0.9792,99.2816,2.2254,94.4234,41.1391
2024-05-13,7494.6427,141.3783,101.9772,2444.0025,65532.4618,786350.1498,182.2595,184.3888,0.1844,625.3975,42.9135,0.0192,0.9808,99.3149,2.4185,96.7920,38.8705
2024-05-14,7883.9970,134.0613,96.6108,2466.6412,65827.7350,789943.4297,199.7380,202.0911,0.2021,694.5500,47.7062,0.0239,0.9761,99.1758,2.0330,100.2820,35.5839
2024-05-15,7716.3598,136.8123,98.2508,2477.1024,65112.8579,781392.1048,198.8519,212.4262,0.2124,744.4192,47.3585,0.0262,0.9738,99.0702,2.1201,100.2817,42.9977
2024-05-16,7865.3192,141.4543,101.4813,2574.3892,66264.2420,795172.8796,198.7137,220.9259,0.2209,761.2946,48.3876,0.0265,0.9735,99.0622,2.0930,102.7616,43.2115
2024-05-17,8061.0168,135.5365,98.0060,2628.4111,65284.6933,783310.9312,206.0552,234.0778,0.2341,775.7717,49.1274,0.0288,0.9712,98.9903,2.1138,104.1705,43.8500
2024-05-18,8130.2860,139.0550,99.9371,2658.6124,66830.8163,802017.8600,201.7909,220.3915,0.2204,750.5614,53.0168,0.0255,0.9745,99.0753,2.1543,102.7789,39.3924
2024-05-19,7335.0116,123.3765,89.6110,2299.4749,63921.5506,767105.7710,201.9543,212.6594,0.2127,721.1322,51.3544,0.0253,0.9747,99.1397,2.0228,102.1746,41.7949
2024-05-20,6814.3710,117.3035,84.5568,2048.8451,62814.6891,753834.0399,200.7196,212.9130,0.2129,733.5264,49.5263,0.0253,0.9747,99.0931,2.0188,103.4567,38.3316
2024-05-21,7073.0754,126.8402,91.3720,2237.3562,64344.8306,772173.5187,199.2061,207.4904,0.2075,705.6442,50.0042,0.0244,0.9756,99.1482,2.2136,103.9011,37.5429
2024-05-22,6887.1757,112.6514,81.0031,2174.0873,63274.6969,759230.7024,196.7031,218.9974,0.2190,722.3786,51.4523,0.0261,0.9739,99.0951,2.1261,105.0286,43.2824
2024-05-23,7006.3642,123.0304,88.5476,2206.7210,64121.9220,769520.8116,204.2047,230.0693,0.2301,772.1803,55.0619,0.0289,0.9711,99.0354,2.1958,105.6280,36.5241
2024-05-24,6961.0781,125.9046,90.6703,2143.1728,64209.3002,770526.6886,202.7357,246.4161,0.2464,834.8037,57.7623,0.0314,0.9686,98.9102,2.3988,107.4633,40.8825
2024-05-25,7743.7148,128.3005,93.1280,2429.1148,65030.8193,780408.6042,210.1891,233.3526,0.2334,769.4874,56.9063,0.0306,0.9694,98.9466,2.0948,107.2709,48.8290
2024-05-26,7679.8509,138.8492,101.1237,2310.3835,67637.1307,811640.6236,200.0749,227.1553,0.2272,771.6626,54.1226,0.0286,0.9714,98.9899,2.2112,106.1037,45.4767
2024-05-27,8144.9200,144.5109,103.4823,2559.1067,67879.3399,814543.7408,198.7851,219.7098,0.2197,744.3708,56.1296,0.0276,0.9724,99.0297,2.1091,105.4015,43.8828
2024-05-28,8096.0966,141.1196,101.7344,2594.0948,67864.1979,814362.3444,205.5152,206.7670,0.2068,716.7708,52.7297,0.0255,0.9745,99.1072,2.1524,105.4619,43.6851
2024-05-01,7932.7897,141.8704,102.4981,2435.6610,67387.8705,808719.3909,198.3903,221.3781,0.2214,752.0489,52.9978,0.0284,0.9716,99.0267,2.1550,104.4754,41.3090
2024-05-02,7430.4377,132.5672,95.0068,2267.0337,66980.5483,803778.8789,192.5447,227.0057,0.2270,765.0316,61.7380,0.0296,0.9704,98.9452,2.1668,104.5314,40.1584
2024-05-03,7638.6314,135.4844,97.2403,2359.4831,67198.0453,806369.8388,192.2849,221.3089,0.2213,751.6736,61.6078,0.0288,0.9712,99.0011,2.0837,104.3707,47.8498
2024-05-04,7188.1654,127.7617,91.7665,2206.9897,66661.0198,799882.6125,186.0498,240.0194,0.2400,817.0123,63.9203,0.0332,0.9668,98.8969,2.2366,104.0862,41.3339
2024-05-05,7014.4403,123.0498,87.4149,2147.1447,65464.7028,785596.5492,182.8790,247.3591,0.2474,853.5091,64.6599,0.0337,0.9663,98.8000,2.3443,104.1237,40.1697
2024-05-06,7038.7001,121.7429,87.9781,2125.2004,65611.1354,787335.4744,188.2382,234.7186,0.2347,787.1802,58.1141,0.0308,0.9692,98.8840,2.2467,103.7473,43.8809
2024-05-07,6829.0244,124.1857,89.3943,2023.9272,65512.5939,786158.7414,192.8577,222.3824,0.2224,729.4896,54.5173,0.0283,0.9717,98.9993,1.9773,105.0141,41.7480
2024-05-08,6394.8958,125.5096,90.3247,1996.2511,66403.6870,796884.9733,185.5410,205.5779,0.2056,733.0485,48.2683,0.0256,0.9744,99.1025,2.2110,105.2203,45.7604
2024-05-09,6236.2815,105.7397,76.1765,1771.8331,62976.1262,755743.7462,185.4468,206.4282,0.2064,711.7174,50.6210,0.0250,0.9750,99.1588,2.0663,106.2246,40.0633
2024-05-10,6336.3556,107.8486,77.7774,1939.0306,63410.3210,760925.4024,189.9098,205.8232,0.2058,700.9569,53.9457,0.0267,0.9733,99.0770,2.2556,104.5949,39.4965
2024-06-11,6380.8865,110.2735,80.5386,1826.6830,64168.0611,770026.7535,193.9869,188.4288,0.1884,670.6780,47.6108,0.0240,0.9760,99.1845,2.3110,104.7140,40.7496
2024-06-12,6493.3359,124.7203,89.8918,1938.2428,64949.9495,779404.4036,189.4593,192.9172,0.1929,642.7203,46.9783,0.0242,0.9758,99.1399,2.3331,104.2314,46.6626
2024-06-13,6733.4532,122.7634,88.8040,1921.1436,66903.6726,802874.0846,171.5180,188.3501,0.1884,631.4276,52.7917,0.0231,0.9769,99.1897,2.2696,101.9876,44.6959
2024-06-14,6575.2368,126.1675,90.5893,1832.0992,66477.6822,797761.1378,174.2430,172.4728,0.1725,581.7054,49.2875,0.0205,0.9795,99.2895,2.6574,104.5062,42.7320
2024-06-15,6060.2897,114.2169,82.4140,1700.4658,65396.5708,784765.8739,181.1499,174.8219,0.1748,600.9453,48.6112,0.0216,0.9784,99.2264,2.5312,103.0184,42.2319
2024-06-16,6857.2789,133.4325,95.9215,1948.6610,68252.2307,818994.0612,175.5066,185.4557,0.1855,625.5811,45.2774,0.0234,0.9766,99.1859,2.3487,104.0825,42.9829
2024-06-17,7105.2408,137.6139,99.0133,2164.0251,69786.8396,837477.1327,173.5399,189.1594,0.1892,653.2352,50.2689,0.0227,0.9773,99.1992,2.3003,105.0642,39.1078
2024-06-18,7993.5322,151.6595,108.7557,2319.4924,71276.9578,855360.8002,172.2067,176.3915,0.1764,596.0648,44.9109,0.0214,0.9786,99.2559,2.3262,106.5282,43.4789
2024-06-19,8379.1612,164.0754,117.7381,2431.8846,74015.7067,888147.2240,169.3046,170.1477,0.1701,594.8703,44.3462,0.0208,0.9792,99.2435,2.5143,106.0877,40.5256
2024-06-20,8423.3445,156.2023,112.6949,2428.2382,73798.2176,885595.4582,161.6559,172.0519,0.1721,591.2164,45.2544,0.0202,0.9798,99.2516,2.4650,103.1216,42.6715
2024-06-21,8345.4949,160.0068,115.5767,2461.9486,74183.3510,890186.1564,173.9397,161.9949,0.1620,531.2320,45.3599,0.0191,0.9809,99.3602,2.8030,103.9603,42.0537
2024-06-22,8274.7990,171.7703,123.9065,2441.1477,75624.2613,907405.3202,161.4058,187.4906,0.1875,637.6490,46.7686,0.0223,0.9777,99.2217,2.2816,103.9244,42.8899
2024-06-23,8990.0691,172.1247,123.6055,2699.7286,75941.7783,911300.8518,163.8327,194.5316,0.1945,648.1052,49.2663,0.0246,0.9754,99.1363,2.2602,104.7989,40.6380
2024-06-24,8747.7141,174.0884,125.5049,2549.8400,76884.5533,922653.7841,170.8502,188.7676,0.1888,640.6808,48.4773,0.0237,0.9763,99.2236,2.2991,104.7025,44.8060
2024-06-25,9041.7624,177.8572,126.8176,2612.2790,76790.3940,921456.8258,174.1828,205.4401,0.2054,699.0228,53.0007,0.0259,0.9741,99.1158,2.2017,106.3361,43.0572
2024-06-26,9260.8800,175.1558,126.5818,2752.5640,75555.2360,906635.8978,168.8875,219.0368,0.2190,772.4907,54.6889,0.0295,0.9705,98.9772,2.0602,107.0490,39.7342
2024-06-27,8496.8223,164.4856,118.4174,2576.1192,73701.6548,884461.6958,172.7881,237.7692,0.2378,806.0788,60.0748,0.0320,0.9680,98.8659,2.2345,106.7264,43.3003
2024-06-28,8370.2011,160.7171,115.8561,2533.2740,73032.5496,876347.8140,171.7600,252.4653,0.2525,839.2929,65.0959,0.0343,0.9657,98.8075,2.3874,109.6951,41.0017
2024-06-01,8458.1594,160.1165,115.8630,2459.2694,73145.6614,877711.4755,176.9965,257.5961,0.2576,877.6296,64.7571,0.0346,0.9654,98.7963,2.4431,109.0840,43.1398
2024-06-02,8389.9978,166.9706,120.0190,2472.9791,72592.5422,871098.8649,172.2027,265.9059,0.2659,890.3949,68.1285,0.0378,0.9622,98.6726,2.5880,106.5720,44.5080
2024-06-03,8090.5064,156.3811,113.0731,2436.1433,73088.3313,877085.8431,179.8214,263.5350,0.2635,918.7374,67.9817,0.0368,0.9632,98.7419,2.6334,106.8154,40.5780
2024-06-04,8333.5260,164.6585,118.3462,2461.7150,74186.1628,890260.0038,171.7045,246.5662,0.2466,847.4147,63.7009,0.0322,0.9678,98.8883,2.2671,107.4917,41.9204
2024-06-05,8715.3285,174.0242,125.5732,2536.1020,74763.3888,897140.6276,171.6900,246.7416,0.2467,858.5179,64.8968,0.0331,0.9669,98.8554,2.2930,108.2770,42.2139
2024-06-06,9024.0398,179.1596,128.8036,2735.6412,75366.6121,904388.0108,170.7766,227.1324,0.2271,767.8380,55.2455,0.0304,0.9696,98.9194,2.0713,107.7400,42.1310
2024-06-07,8985.4840,170.4745,122.9000,2697.0733,76186.6353,914244.1561,170.5243,228.1846,0.2282,763.5505,55.0784,0.0295,0.9705,98.9557,2.0689,107.8280,48.0070
2024-06-08,9171.5774,176.0075,127.4475,2801.6179,76349.3866,916178.0884,171.7949,241.1179,0.2411,823.7796,62.3759,0.0313,0.9687,98.9269,2.4197,106.9301,43.0533
2024-06-09,9193.0516,175.4269,125.9975,2849.3937,74872.5361,898436.9189,173.7653,250.5252,0.2505,835.4481,64.3142,0.0330,0.9670,98.8497,2.3863,106.5399,38.6631
2024-06-10,9119.8932,169.2264,121.5531,2752.9061,75456.8786,905439.8861,173.4431,261.9428,0.2619,879.2486,68.2927,0.0355,0.9645,98.7481,2.5241,107.4404,42.3512
2024-06-11,9015.5853,171.0675,123.0183,2689.2577,75339.2028,904099.7717,171.4899,248.8869,0.2489,837.3655,64.7428,0.0330,0.9670,98.8520,2.3455,106.9253,40.4145
2024-06-12,9144.1825,174.9600,126.1297,2760.0737,75564.6708,906768.2152,168.4576,269.2068,0.2692,913.9275,69.9928,0.0363,0.9637,98.7311,2.7761,107.8899,49.2120
2024-07-13,8798.7961,176.3081,128.3029,2754.5453,75339.4381,904188.3477,167.0181,253.1462,0.2531,842.5251,63.0814,0.0336,0.9664,98.8160,2.3397,107.7021,40.1695
2024-07-14,9398.7062,171.9927,123.5622,2907.6685,75882.0885,910610.8431,183.3823,246.2272,0.2462,812.4149,58.1614,0.0322,0.9678,98.8695,2.3807,107.9128,38.7741
2024-07-15,8885.9692,166.8485,119.1404,2798.2934,73749.1393,884960.6058,185.3213,271.4684,0.2715,940.8083,67.9655,0.0364,0.9636,98.7412,2.7775,107.6328,44.1930
2024-07-16,9141.9197,169.9658,122.0665,2817.6159,74643.3729,895721.4465,179.1467,264.6387,0.2646,893.5309,62.7365,0.0348,0.9652,98.7894,2.6949,109.1046,40.4990
2024-07-17,8801.3043,170.5898,122.0597,2786.3378,74184.4844,890228.3225,179.1250,241.6704,0.2417,819.8227,57.8489,0.0302,0.9698,98.9259,2.2279,109.3468,40.9115
2024-07-18,8530.9185,166.4895,119.6106,2636.4802,73902.5299,886847.1336,179.2181,251.4123,0.2514,862.4438,62.0186,0.0330,0.9670,98.8324,2.3487,108.5134,41.3494
2024-07-19,8564.2032,161.2927,116.1523,2645.2948,72586.2634,871053.8442,180.0951,237.0204,0.2370,811.6131,58.1573,0.0309,0.9691,98.9246,2.3985,108.7644,40.0527
2024-07-20,8562.2843,150.3249,107.7766,2691.1005,71458.1826,857517.1418,192.7677,265.8949,0.2659,896.4492,66.3439,0.0350,0.9650,98.7554,2.6552,110.2776,40.8229
2024-07-21,8531.2088,159.8992,114.8066,2682.1196,71369.6993,856431.7698,197.7016,258.8041,0.2588,874.8870,63.7108,0.0346,0.9654,98.7935,2.4431,110.6928,35.5714
2024-07-22,8426.1438,154.7811,110.5389,2649.9705,71091.0705,853119.6494,198.2918,283.8501,0.2839,985.1834,72.1450,0.0376,0.9624,98.6833,3.1653,109.5309,41.7486
2024-07-23,8140.3972,147.9839,106.6513,2586.2767,69101.4077,829304.9555,198.5512,279.9626,0.2800,967.6491,65.1003,0.0372,0.9628,98.6723,3.0141,108.7252,43.9491
2024-07-24,8071.1869,138.9670,99.7030,2626.6499,68633.7343,823588.1251,188.0318,302.5864,0.3026,1038.3645,75.1641,0.0406,0.9594,98.5328,3.9533,107.5866,47.5533
2024-07-25,8389.2473,148.6644,107.5860,2632.9460,70342.2529,844092.7101,197.7845,335.7483,0.3357,1162.3266,81.7131,0.0473,0.9527,98.3294,5.5483,109.3002,42.2512
2024-07-26,8450.1088,153.2348,110.8596,2592.4525,70086.1142,841062.5169,199.1497,331.1927,0.3312,1103.5213,84.0285,0.0457,0.9543,98.4001,5.1946,109.6053,44.5016
2024-07-27,8300.1000,142.5090,102.1947,2683.3766,68732.1146,824835.9323,205.6227,303.2378,0.3032,1033.1262,71.6340,0.0411,0.9589,98.5619,4.0212,110.7346,39.9382
2024-07-28,8105.1506,139.0045,99.9167,2717.6002,68537.4893,822483.3410,205.0027,313.5457,0.3135,1063.1803,76.8156,0.0422,0.9578,98.5506,4.3555,111.8017,46.3718
2024-07-01,7753.9803,131.8241,94.9554,2563.1837,67116.9480,805452.7580,203.7956,301.0013,0.3010,1000.4500,66.6045,0.0414,0.9586,98.5533,3.7432,111.4936,48.6790
2024-07-02,8125.0377,143.0297,103.3692,2546.3001,69812.0403,837743.3907,201.3042,301.3730,0.3014,1029.3639,70.6082,0.0404,0.9596,98.5842,3.9035,112.8866,43.0692
2024-07-03,7843.7779,137.5887,98.2590,2563.1335,68337.2732,820038.9545,205.3780,306.1482,0.3061,1049.3641,75.8026,0.0413,0.9587,98.5619,4.0774,112.8271,41.0861
2024-07-04,7987.1524,136.6520,98.3706,2651.2241,67952.3851,815455.5729,195.1641,298.1661,0.2982,1017.5256,70.6184,0.0391,0.9609,98.6246,3.6477,113.2864,42.2449
2024-07-05,8185.4407,148.4441,107.8110,2702.4834,68555.4830,822693.5254,189.9416,273.2825,0.2733,907.6542,64.9312,0.0357,0.9643,98.7873,2.8119,110.9454,46.6610
2024-07-06,7650.2372,135.3306,97.4115,2595.2412,67553.7483,810712.5037,201.6760,296.6034,0.2966,1006.4019,71.3055,0.0383,0.9617,98.6491,3.6388,110.8896,38.4409
2024-07-07,7683.8988,135.0745,97.3798,2548.4452,67567.5747,810873.8933,192.3283,286.8209,0.2868,978.4145,72.4261,0.0375,0.9625,98.6709,3.2538,110.4516,45.8703
2024-07-08,8113.2572,138.6451,99.8428,2461.9481,68923.8846,827014.7150,206.0657,284.6769,0.2847,965.6048,64.2205,0.0369,0.9631,98.6987,3.2563,109.5854,39.1811
2024-07-09,8250.3471,145.4550,104.1606,2709.3693,69731.4262,836808.9645,199.7589,299.1468,0.2991,1021.1720,70.7545,0.0398,0.9602,98.6306,3.7648,109.8732,39.6766
2024-07-10,8544.4161,148.8141,107.6310,2718.9682,70751.0131,848986.3090,203.7573,277.2911,0.2773,949.5430,64.7087,0.0354,0.9646,98.7506,2.9216,108.3976,42.9034
2024-07-11,8837.9401,157.8814,113.8253,2800.1598,71687.6903,860169.0930,198.8767,250.9718,0.2510,871.3360,61.4931,0.0313,0.9687,98.8910,2.3230,108.1110,44.0115
2024-07-12,8610.3874,155.4215,112.0028,2680.6241,71072.5492,852887.0104,195.2435,267.2919,0.2673,912.3338,61.6771,0.0329,0.9671,98.8612,2.7098,105.0905,44.9612
2024-07-13,8967.6367,159.7628,115.4053,2816.1006,71454.4161,857447.0288,194.9485,243.2765,0.2433,860.0563,54.0221,0.0295,0.9705,98.9917,2.3531,104.8419,46.3171
2024-07-14,8779.6920,150.8485,109.0170,2811.0442,70024.7649,840284.0397,205.1403,240.7124,0.2407,821.7920,53.2943,0.0294,0.9706,98.9642,2.2037,104.0266,38.7872
2024-08-15,9108.2279,156.9383,112.0856,2999.2135,70902.5569,850780.2141,205.8894,243.9171,0.2439,833.5365,58.9151,0.0298,0.9702,98.9727,2.3191,106.1076,42.3379
2024-08-16,8678.7666,145.9743,105.3583,2865.7800,71287.0659,855405.0047,199.6886,223.5041,0.2235,770.1931,53.1952,0.0261,0.9739,99.0733,2.0711,106.3406,44.3947
2024-08-17,8795.6591,155.0598,111.3774,2869.2359,71711.0701,860524.9429,202.6224,220.3418,0.2203,749.0209,52.7347,0.0258,0.9742,99.1272,2.1277,107.0603,42.9281
2024-08-18,8964.2344,148.8849,107.2964,2952.1914,70949.9555,851340.4738,203.2013,215.4852,0.2155,729.4449,46.4756,0.0248,0.9752,99.1114,2.0623,103.5698,45.4456
2024-08-19,8533.1849,143.7658,103.1821,2714.4229,70499.4546,845989.7012,206.5263,195.8499,0.1958,681.8290,44.2142,0.0214,0.9786,99.2467,2.2196,103.0509,42.2403
2024-08-20,8416.6763,148.5237,106.5334,2646.1856,70735.2021,848827.4845,207.6419,177.0789,0.1771,576.6749,40.2445,0.0184,0.9816,99.3486,2.4050,101.6554,41.2562
2024-08-21,8860.0025,158.2368,114.4197,2945.3483,71382.4787,856584.1643,217.2409,169.0085,0.1690,553.7460,39.3684,0.0152,0.9848,99.4502,2.5795,103.2222,35.5296
2024-08-22,9340.4252,160.8237,115.8114,3000.3846,71790.5094,861498.5165,212.4259,184.5501,0.1846,653.6861,44.0585,0.0188,0.9812,99.3403,2.4507,104.3725,36.5956
2024-08-23,9077.0739,154.4750,111.1061,2862.6368,71244.6128,854933.0930,208.0066,206.7111,0.2067,712.6393,47.2622,0.0231,0.9769,99.2063,2.1734,104.5122,44.4456
2024-08-24,9398.3586,168.5350,121.2271,3022.6150,73525.4811,882259.8801,203.6957,188.3816,0.1884,647.9414,43.1920,0.0205,0.9795,99.2665,2.2031,104.7026,38.7425
2024-08-25,9372.3498,161.5817,116.4022,2916.4883,72425.5034,869065.2516,218.0259,201.3556,0.2014,689.1559,47.9756,0.0231,0.9769,99.2295,2.2192,104.8183,43.0278
2024-08-26,9432.9269,158.2193,113.9340,3069.5256,72375.6829,868513.9389,204.7313,195.8113,0.1958,670.0484,45.6517,0.0219,0.9781,99.2397,2.1837,104.7412,44.0371
2024-08-27,9201.0219,161.6110,115.2234,2814.2328,73472.9421,881714.1445,197.9425,207.6052,0.2076,695.1162,51.4438,0.0250,0.9750,99.1332,2.1953,105.5042,41.7734
2024-08-28,8677.5823,142.4810,102.1838,2690.9960,70712.7256,848559.0363,202.1948,214.8697,0.2149,727.9198,54.1034,0.0243,0.9757,99.1328,2.0151,106.1973,45.0980
2024-08-01,8694.3136,147.7689,106.3036,2709.8076,71614.5408,859354.7824,212.9697,229.9146,0.2299,770.0172,56.5103,0.0289,0.9711,98.9870,2.1362,106.0030,40.2162
2024-08-02,8133.2893,140.8036,101.7712,2527.0415,69212.3884,830555.5920,205.2295,205.0920,0.2051,712.2907,48.5915,0.0242,0.9758,99.1728,2.0985,105.1206,43.8565
2024-08-03,7727.5710,141.5084,102.5814,2328.8174,69256.0806,831001.1258,205.8468,215.2211,0.2152,740.4178,58.6177,0.0262,0.9738,99.0619,2.0535,107.0387,41.7490
2024-08-04,7578.3040,130.3625,93.4306,2403.0267,67708.9319,812467.7712,204.2011,217.5060,0.2175,743.3402,54.5514,0.0272,0.9728,99.0328,2.0258,106.5152,37.7377
2024-08-05,7043.4159,120.6164,87.8230,2214.5074,66278.4175,795326.1754,194.9383,219.9047,0.2199,753.3281,55.0327,0.0266,0.9734,99.0510,2.2177,105.6359,36.2090
2024-08-06,6959.6290,115.5095,83.2430,2145.9065,64491.4431,773894.9722,203.9819,204.2837,0.2043,693.8384,50.0038,0.0242,0.9758,99.1280,2.1287,108.4035,41.5424
2024-08-07,7082.9293,114.8670,82.9750,2207.7090,64827.1338,777912.8133,202.6839,223.0689,0.2231,745.2391,55.0303,0.0276,0.9724,99.0473,2.0888,108.5279,46.9042
2024-08-08,7512.5853,126.1185,90.5750,2269.3641,67885.0183,814609.5701,200.8887,220.8399,0.2208,772.6353,55.6976,0.0284,0.9716,98.9893,2.0011,108.3484,45.5358
2024-08-09,7610.6267,129.9357,93.2892,2379.1360,68746.1113,824906.1198,199.5078,222.5436,0.2225,765.5277,56.6180,0.0282,0.9718,99.0478,2.1746,106.7328,43.5087
2024-08-10,7576.2892,135.1893,98.0742,2266.7846,70135.3054,841600.9089,190.3074,215.5343,0.2155,731.6228,51.6213,0.0269,0.9731,99.0341,2.1649,105.4983,44.4564
2024-08-11,7644.3031,135.8874,97.7657,2250.1123,69662.9524,835965.4178,188.5564,210.2136,0.2102,722.8995,50.6685,0.0261,0.9739,99.0794,2.0943,107.1519,44.7647
2024-08-12,6955.6586,121.3254,87.3388,2083.6191,67517.6276,810138.1639,195.5256,217.8993,0.2179,757.3605,54.6386,0.0265,0.9735,99.0721,2.0139,106.7835,41.3841
2024-08-13,7261.9068,122.1886,88.5797,2170.3797,67364.9820,808331.9297,197.3443,212.3369,0.2123,737.3315,53.5777,0.0266,0.9734,99.0505,2.1347,108.1839,45.9723
2024-08-14,7233.8751,124.1059,90.2379,2188.5159,67912.0473,814930.7104,201.7012,215.5436,0.2155,741.8967,54.8089,0.0285,0.9715,98.9588,2.0968,106.9229,42.8815
2024-08-15,6597.6577,115.9205,82.7643,2004.7141,67048.9444,804646.4383,191.3557,210.4911,0.2105,726.7380,53.1771,0.0263,0.9737,99.0652,2.0155,107.9407,40.6043
2024-08-16,7280.8131,124.0856,89.2869,2272.6176,67999.1748,816017.0690,188.9945,207.9080,0.2079,705.0474,50.1177,0.0260,0.9740,99.0894,2.2396,108.1653,53.5002
2024-09-17,7148.7581,129.0575,92.9544,2041.7826,68824.9129,825961.3281,203.1173,219.9255,0.2199,765.2727,53.3423,0.0285,0.9715,98.9820,2.1448,107.7284,44.0769
2024-09-18,7091.8294,115.4510,84.0537,2002.9815,67811.9164,813796.5091,200.0454,217.2632,0.2173,751.2893,54.8269,0.0281,0.9719,99.0234,2.0370,105.6720,41.7555
2024-09-19,6444.1436,108.8679,79.6344,1912.0658,65476.2494,785697.1070,202.1867,210.5193,0.2105,728.3748,54.0888,0.0278,0.9722,98.9916,2.0550,107.3464,44.3757
2024-09-20,6466.2188,109.4655,78.8310,1977.3147,65970.7402,791646.1010,201.4472,179.1460,0.1791,594.1727,46.7449,0.0221,0.9779,99.2342,2.4698,107.5889,38.5242
2024-09-21,6448.2364,105.1229,75.9129,1951.3394,65808.0561,789649.8293,199.5297,186.5414,0.1865,643.0917,52.7006,0.0243,0.9757,99.1899,2.3774,107.6455,38.4943
2024-09-22,6274.4777,104.1557,75.4590,1825.3243,65841.8987,790149.6319,199.2121,180.0087,0.1800,621.1895,47.3096,0.0232,0.9768,99.2060,2.4435,108.7963,47.7800
2024-09-23,6435.9263,112.7322,81.7750,1864.8149,65978.4566,791770.5478,198.8060,164.4718,0.1645,569.9883,42.5620,0.0191,0.9809,99.3512,2.7645,107.6889,43.9524
2024-09-24,7306.6494,119.1844,85.6999,2129.5836,69102.3912,829252.2915,200.0337,192.1000,0.1921,622.2830,46.8175,0.0242,0.9758,99.1456,2.2120,109.4876,38.9103
2024-09-25,7041.7997,122.5351,88.6903,2171.6230,68162.4130,817975.3975,197.7495,210.7671,0.2108,694.6274,59.3279,0.0289,0.9711,98.9792,2.2311,110.5626,37.2962
2024-09-26,7214.8162,126.4202,90.7247,2103.9792,69270.1093,831259.6919,198.7451,230.7758,0.2308,788.9609,58.7491,0.0307,0.9693,98.9473,2.1338,111.3459,41.7750
2024-09-27,7620.0250,128.4172,91.1936,2261.5487,70697.8227,848382.2104,194.5964,230.6181,0.2306,773.3760,59.9458,0.0311,0.9689,98.9034,2.1635,112.1854,38.9858
2024-09-28,7689.5970,136.4917,97.6434,2189.2927,70790.5137,849497.1842,198.2114,201.9627,0.2020,692.2566,50.1318,0.0258,0.9742,99.1102,2.1697,111.5129,45.9870
2024-09-01,8360.9805,143.7687,103.6661,2528.6303,71222.3373,854716.3647,200.3440,190.4625,0.1905,647.2838,49.9752,0.0253,0.9747,99.0935,2.2384,111.4381,36.3581
2024-09-02,8024.7172,139.0909,100.5777,2361.8752,71342.3522,856076.8355,200.1949,175.5534,0.1756,608.2416,46.2250,0.0214,0.9786,99.2602,2.5381,112.0965,45.6831
2024-09-03,8293.9870,145.7595,103.8872,2439.2763,72596.9266,871121.4814,205.2039,181.9637,0.1820,612.5914,50.6790,0.0223,0.9777,99.2220,2.4711,111.6162,39.0224
2024-09-04,8954.5795,160.6233,114.8121,2644.4343,74776.1523,897314.0018,203.3122,216.9584,0.2170,725.3593,53.2632,0.0277,0.9723,98.9846,1.9645,113.3702,38.3274
2024-09-05,9059.0055,162.6297,117.1285,2689.9958,75256.4151,903123.2875,208.4158,243.3063,0.2433,834.3958,62.8493,0.0331,0.9669,98.8381,2.2648,114.4876,42.1533
2024-09-06,8843.8532,162.6153,115.4767,2799.3176,74823.3098,897889.3463,205.5127,230.1648,0.2302,779.8769,58.7970,0.0313,0.9687,98.9160,2.2240,116.2892,38.2617
2024-09-07,9245.6269,164.8432,119.0134,2800.6148,76257.6464,915083.6375,204.0682,226.1172,0.2261,755.0696,60.0565,0.0308,0.9692,98.9326,2.2099,114.6239,40.2789
2024-09-08,9689.2377,170.5993,123.3920,2945.6704,78257.4954,939123.2501,200.2061,242.1636,0.2422,799.7041,63.6137,0.0335,0.9665,98.8344,2.2348,116.6055,40.3535
2024-09-09,9963.9303,176.6296,125.7649,2949.6315,77613.5526,931367.1658,201.8744,231.5388,0.2315,826.4948,61.5457,0.0313,0.9687,98.9318,2.1985,116.1526,34.7960
2024-09-10,9687.3757,171.2638,123.7419,2829.7176,76715.2140,920506.9218,208.5482,253.4081,0.2534,857.7965,65.9822,0.0357,0.9643,98.7507,2.4456,115.3697,38.4683
2024-09-11,9999.2145,184.4624,132.7749,2887.5178,79047.2029,948526.4036,210.9967,239.0601,0.2391,810.4594,61.3407,0.0319,0.9681,98.8691,2.2359,115.1542,43.0096
2024-09-12,9843.4050,170.6296,123.6065,2940.1928,77278.7701,927261.9854,208.7462,220.6662,0.2207,726.7410,55.9496,0.0285,0.9715,99.0202,2.0671,116.9826,35.8154
2024-09-13,10072.7442,176.6506,127.3849,3063.7405,77201.8786,926413.8618,205.2256,233.8135,0.2338,783.0364,59.2234,0.0307,0.9693,98.9674,2.2371,117.6660,37.9226
2024-09-14,10119.9197,181.4419,130.5803,3089.0505,77901.2863,934797.7236,203.0324,248.0745,0.2481,842.0728,63.6298,0.0329,0.9671,98.8407,2.4188,118.2802,39.2427
2024-09-15,9677.4285,172.6890,124.4553,2856.9096,76812.2167,921764.2355,210.3164,235.8343,0.2358,806.4269,60.0811,0.0313,0.9687,98.9357,2.2914,119.6534,44.7093
2024-09-16,9888.6655,183.4070,132.5752,3057.5460,78545.0190,942624.5410,201.2068,254.5292,0.2545,875.5311,59.7785,0.0339,0.9661,98.8094,2.4710,121.0801,44.7109
2024-09-17,10351.8735,187.7880,135.3627,3135.4375,79167.3366,949984.4152,202.3252,243.1811,0.2432,818.1644,58.8877,0.0314,0.9686,98.8728,2.2852,122.5921,46.4112
2024-09-18,9755.2732,178.7810,128.8050,3060.8891,77702.5039,932430.5096,198.3429,254.0689,0.2541,870.3095,62.5604,0.0351,0.9649,98.7529,2.5154,123.8533,39.0980
2024-10-19,10155.7316,185.3100,132.7787,3109.1047,78829.0816,945933.9371,199.8023,248.4547,0.2485,859.4519,57.7430,0.0333,0.9667,98.8179,2.5542,124.3549,44.3984
2024-10-20,9761.0937,186.1430,134.3243,3013.2337,79624.6602,955384.0453,182.8709,244.7290,0.2447,826.3126,62.6206,0.0325,0.9675,98.8874,2.2839,125.1068,42.6714
2024-10-21,9499.6241,175.5046,126.4435,2893.4230,77961.7733,935511.1066,192.5452,250.5990,0.2506,851.7102,65.5284,0.0340,0.9660,98.8130,2.3815,123.6116,38.0901
2024-10-22,9103.3789,169.2804,122.8503,2781.7162,77611.9435,931314.8368,189.8702,265.6899,0.2657,881.6656,67.4144,0.0352,0.9648,98.7560,2.7978,123.5583,43.5165
2024-10-23,9471.9443,169.5536,122.1387,2948.0518,77203.5913,926454.2207,193.4625,261.5422,0.2615,879.6963,65.7393,0.0353,0.9647,98.7664,2.5274,121.0551,41.9358
2024-10-24,9799.8400,175.1532,126.1348,3090.5761,78037.9370,936422.0350,196.7794,289.6121,0.2896,968.1764,74.2719,0.0403,0.9597,98.6187,3.2410,121.0667,39.9773
2024-10-25,9805.2480,176.8165,127.0681,3109.2471,77848.7490,934133.7568,190.1154,295.6259,0.2956,1013.8828,68.0593,0.0404,0.9596,98.5850,3.6753,121.3097,38.7260
2024-10-26,9537.1030,181.4128,131.0403,2947.8087,78387.1301,940669.2342,185.2068,299.9435,0.2999,1018.0709,76.7641,0.0421,0.9579,98.5125,3.8691,120.5242,37.1314
2024-10-27,9749.2614,183.2919,131.9386,2989.1288,78264.6736,939173.7000,191.5844,291.3773,0.2914,1010.7835,66.1986,0.0390,0.9610,98.6429,3.5390,120.0158,43.4479
2024-10-28,9722.6866,177.6100,127.6023,3089.3495,78566.9682,942768.1895,184.5478,308.5800,0.3086,1052.0065,76.2459,0.0426,0.9574,98.4935,4.2097,121.3892,43.2776
2024-10-01,10336.0843,188.8672,136.8400,3338.9870,79848.0097,958146.1559,189.7661,286.8193,0.2868,985.5640,69.8088,0.0382,0.9618,98.6745,3.3662,121.0810,41.0920
2024-10-02,10370.5367,192.7802,139.7455,3249.5870,80505.5062,966054.3381,183.0603,292.6981,0.2927,1002.0428,71.3949,0.0390,0.9610,98.6558,3.4645,121.2107,40.8072
2024-10-03,10468.0666,198.6330,142.8634,3290.6911,82011.3666,984169.2627,175.9069,305.1474,0.3051,1040.5362,75.7668,0.0418,0.9582,98.5395,4.0635,123.5911,40.1625
2024-10-04,10689.1082,204.0495,146.4833,3364.7678,82613.1341,991414.4951,170.4607,290.3284,0.2903,974.4265,71.3244,0.0390,0.9610,98.6256,3.3606,124.0856,44.2259
2024-10-05,10413.7890,204.5374,147.8915,3332.7443,81041.5594,972446.8856,169.3673,269.4814,0.2695,937.1720,62.0299,0.0343,0.9657,98.8026,2.6895,125.2878,42.5344
2024-10-06,10221.8696,196.2220,140.9409,3316.5773,80727.6208,968778.1517,179.1972,269.5347,0.2695,915.8317,62.0225,0.0352,0.9648,98.7400,2.7725,125.9262,36.6228
2024-10-07,10874.9125,202.0201,146.9123,3410.0928,82720.1779,992644.5710,181.8053,286.1444,0.2861,950.7057,65.4089,0.0375,0.9625,98.7188,3.1982,126.7022,42.2072
2024-10-08,10769.9505,207.6299,149.4986,3465.3392,83081.7090,996995.1580,178.2535,284.1997,0.2842,959.6831,67.7824,0.0380,0.9620,98.7177,3.1453,128.1519,43.3595
2024-10-09,10735.8040,205.1642,148.2631,3519.6696,82634.9313,991658.1501,187.5450,290.4514,0.2905,974.4444,69.5568,0.0383,0.9617,98.6605,3.3857,127.9840,40.1525
2024-10-10,10587.6736,205.0816,147.0939,3427.1632,82513.7081,990126.3689,182.3823,298.1198,0.2981,1028.6888,68.1587,0.0397,0.9603,98.5707,3.6864,128.9688,40.5306
2024-10-11,10523.5060,197.2666,142.0874,3328.5152,82040.3513,984518.7191,181.8077,274.8609,0.2749,948.0161,67.0223,0.0360,0.9640,98.7269,2.9374,128.4783,40.1849
2024-10-12,10714.2361,204.3662,147.7536,3349.4849,83194.9795,998288.0267,177.5100,273.7287,0.2737,950.1380,61.6884,0.0357,0.9643,98.7229,2.8347,128.0708,43.8416
2024-10-13,10449.9064,198.3894,143.1296,3359.7866,81970.1918,983624.0187,186.4266,272.6110,0.2726,954.4361,62.2736,0.0341,0.9659,98.7673,2.8299,128.8880,40.7476
2024-10-14,10741.0807,208.7654,150.1205,3531.2672,82699.9963,992366.3933,183.1904,267.4485,0.2674,901.8382,60.8026,0.0337,0.9663,98.8161,2.7235,128.2314,41.8641
2024-10-15,10358.4239,189.5257,137.7376,3380.6408,80713.9688,968635.1199,181.4952,269.2309,0.2692,892.5663,60.8033,0.0334,0.9666,98.8269,2.7870,125.1834,42.2085
2024-10-16,10595.5442,209.0047,150.9204,3493.6621,82817.1877,993871.9082,170.1082,257.7405,0.2577,865.2162,61.7728,0.0318,0.9682,98.8732,2.5456,124.9714,46.5774
2024-10-17,10432.9879,199.8611,143.8617,3334.6950,82421.8798,989093.0900,172.9795,246.3294,0.2463,843.1218,56.4206,0.0301,0.9699,98.9702,2.3672,126.5677,37.4483
2024-10-18,9930.0663,192.9956,138.7340,3204.2250,80762.4119,969169.8239,172.6253,248.3950,0.2484,811.5786,56.2758,0.0304,0.9696,98.9381,2.3653,125.4261,48.9331
2024-10-19,9949.8498,187.2018,134.7270,3157.0447,81355.0909,976240.3154,183.9258,247.8037,0.2478,835.6174,56.9277,0.0310,0.9690,98.8958,2.3698,126.1783,38.3437
2024-10-20,9743.3760,186.1213,134.7461,3173.3929,79687.0662,956314.5302,181.6157,217.1468,0.2171,749.2882,48.3136,0.0252,0.9748,99.1268,2.1422,125.7852,41.2993
2024-11-21,9924.4966,189.1656,135.8946,3182.5464,80026.5932,960375.1796,181.1514,212.5728,0.2126,712.7242,45.7354,0.0236,0.9764,99.1498,2.1029,124.0254,39.5320
2024-11-22,9540.9970,180.1314,129.7854,3025.4030,78268.0666,939253.0798,179.8699,205.9252,0.2059,699.1895,52.0053,0.0237,0.9763,99.1642,2.1366,123.6838,42.3521
2024-11-23,9672.3394,186.7220,134.1115,3087.1504,79475.1456,953697.7863,177.1410,186.1560,0.1862,622.2047,44.9491,0.0186,0.9814,99.3320,2.2589,120.9926,43.6103
2024-11-24,10885.1261,206.0267,149.0311,3516.6934,83492.3619,1001894.9814,176.0213,182.0812,0.1821,641.2841,39.3529,0.0191,0.9809,99.3381,2.3904,122.4394,48.9482
2024-11-25,10372.5586,195.8562,141.0116,3372.5606,81600.7661,979206.3920,182.5423,201.9020,0.2019,711.2044,49.4213,0.0217,0.9783,99.2342,2.2084,121.9999,45.5399
2024-11-26,10489.5527,198.2762,143.2581,3398.5276,82708.2528,992552.5160,178.6189,191.5475,0.1915,639.1853,49.2850,0.0200,0.9800,99.2893,2.2043,122.4681,39.9337
2024-11-27,10600.0666,193.3186,139.5436,3520.7389,81674.1735,980053.0931,186.1218,198.5208,0.1985,665.0112,44.2948,0.0223,0.9777,99.2247,2.2542,122.4764,42.6277
2024-11-28,10409.7953,196.0465,140.9433,3361.6099,82654.6192,991860.7742,182.1445,209.7124,0.2097,715.2374,49.7467,0.0236,0.9764,99.1828,2.0793,120.7212,42.3298
2024-11-01,9933.5086,187.4956,135.4168,3107.4143,79407.9286,952960.8730,181.2802,204.7398,0.2047,705.4061,46.5528,0.0224,0.9776,99.2201,2.1969,120.2563,39.9776
2024-11-02,9453.7794,171.9523,124.3433,3072.5912,78685.4239,944261.0320,178.9037,203.5140,0.2035,698.0182,49.8011,0.0231,0.9769,99.2125,2.2404,121.6648,43.7493
2024-11-03,9519.6188,174.5910,125.2169,2970.3828,79606.5810,955349.0809,181.4986,214.4209,0.2144,738.0008,44.3145,0.0249,0.9751,99.1091,2.1156,122.6293,42.7770
2024-11-04,9494.2198,178.2170,128.7378,2940.7002,78421.9793,941081.1475,182.5340,220.0138,0.2200,761.2952,53.8502,0.0256,0.9744,99.1121,2.0812,122.1844,40.6445
2024-11-05,9954.5435,191.9988,140.0658,3185.4231,80241.4230,962915.0992,182.2138,226.1157,0.2261,784.9327,53.4196,0.0274,0.9726,99.0739,2.1527,121.3218,39.9106
2024-11-06,9826.2311,185.3404,133.3748,3059.6372,80339.8927,964134.6959,191.7467,208.3680,0.2084,733.0790,50.9035,0.0249,0.9751,99.1279,2.0909,121.2271,44.1041
2024-11-07,9783.7374,186.4774,134.6542,3074.4272,80194.9442,962366.3506,192.9041,218.6357,0.2186,747.0207,54.7997,0.0262,0.9738,99.0402,2.0476,119.6778,41.6302
2024-11-08,10724.3602,205.2172,147.1753,3327.3489,82743.1202,992932.2281,187.9649,225.1443,0.2251,761.1869,49.8477,0.0279,0.9721,99.0439,2.1843,119.9701,45.5570
2024-11-09,10684.1641,196.3486,141.6736,3325.8779,82650.1476,991782.6933,177.3003,195.1285,0.1951,664.1671,47.8420,0.0226,0.9774,99.2033,2.0889,118.0171,44.5711
2024-11-10,10196.1742,193.5425,139.1369,3073.7512,81843.0960,982059.4952,175.7343,201.4163,0.2014,714.3085,49.5116,0.0246,0.9754,99.1518,2.2070,117.1158,38.3531
2024-11-11,10339.5980,182.8848,132.1310,3267.9884,81598.4173,979241.4997,189.9375,184.8722,0.1849,640.8247,46.2206,0.0210,0.9790,99.2707,2.2857,118.1050,35.6771
2024-11-12,10190.7231,189.6895,136.6275,3233.1591,83072.1296,996850.3620,190.0793,170.0235,0.1700,588.8379,42.6189,0.0181,0.9819,99.3788,2.6632,118.0889,42.1096
2024-11-13,10524.3378,198.9307,142.7264,3240.4986,83134.9026,997590.6483,180.8632,169.3266,0.1693,594.3840,43.6535,0.0174,0.9826,99.4145,2.5911,117.2966,39.9511
2024-11-14,10350.8869,194.4597,140.6292,3267.9591,84876.4544,1018553.3434,182.8858,182.6051,0.1826,638.1914,44.3760,0.0207,0.9793,99.2774,2.4788,117.4538,38.8676
2024-11-15,10194.4398,188.3529,135.5838,3188.2604,82850.4897,994172.1646,179.4575,179.2686,0.1793,640.8938,45.2571,0.0197,0.9803,99.3256,2.3933,117.1235,39.8102
2024-11-16,10581.1362,189.0837,135.7160,3320.5044,82804.6489,993603.7088,180.2715,170.1033,0.1701,570.3074,40.1860,0.0184,0.9816,99.3283,2.4682,117.4055,46.3192
2024-11-17,11166.6387,210.3756,151.5793,3511.2344,86560.4341,1038704.1997,187.3838,155.9751,0.1560,534.8460,40.9702,0.0162,0.9838,99.4155,3.1403,118.6757,41.3174
2024-11-18,11582.5020,221.0281,158.7400,3470.2423,87895.0625,1054739.9171,181.1167,149.7117,0.1497,520.4326,38.7490,0.0162,0.9838,99.4308,3.1534,118.5420,47.6802
2024-11-19,10574.4738,208.9190,150.6930,3272.9499,85323.2458,1023891.4316,182.4376,136.4983,0.1365,476.3203,34.0929,0.0130,0.9870,99.5778,3.6041,116.5124,44.3249
2024-11-20,10599.8514,203.7923,146.7754,3216.2573,85657.3572,1027910.3060,187.1707,118.4080,0.1184,399.7549,30.1550,0.0099,0.9901,99.6353,4.3768,117.0009,36.7689
2024-11-21,10035.6690,186.5695,134.2236,3088.9444,83199.4779,998433.9287,189.6089,132.3734,0.1324,431.7756,30.1117,0.0128,0.9872,99.5445,3.7531,116.0372,43.3224
2024-11-22,10265.4674,187.1687,135.1667,3092.4384,84030.7289,1008365.8954,196.9907,113.7510,0.1138,385.2838,28.1728,0.0086,0.9914,99.7136,4.6177,117.3844,46.4599
2024-12-23,10372.2400,192.5618,138.0904,3259.3951,82544.8270,990554.2180,184.3541,102.1073,0.1021,340.4349,25.8176,0.0082,0.9918,99.7029,5.1550,118.5333,36.6429
2024-12-24,11034.5253,210.6710,152.2390,3434.9923,85556.0834,1026670.4046,187.9927,115.3942,0.1154,392.8838,31.4201,0.0097,0.9903,99.6346,4.6527,118.5027,38.1790
2024-12-25,11159.3597,209.5524,149.9645,3368.2379,87718.3965,1052597.2552,182.6451,118.6595,0.1187,419.0189,34.2611,0.0107,0.9893,99.5860,4.3232,119.0353,41.6612
2024-12-26,11468.0689,222.3162,160.9373,3486.7061,89621.3972,1075474.5872,185.5909,94.4493,0.0944,331.6874,22.8711,0.0063,0.9937,99.7944,5.6714,117.2920,40.3408
2024-12-27,11499.5706,225.5735,162.5790,3479.4572,90574.5277,1086910.2246,170.2758,77.9471,0.0779,252.5474,16.6851,0.0038,0.9962,99.8454,6.7373,115.2200,47.0799
2024-12-28,11506.8499,229.2429,165.0010,3479.5495,90422.9727,1085150.9874,162.8964,105.8177,0.1058,352.1770,28.5590,0.0080,0.9920,99.7264,4.9889,114.8017,39.4049
2024-12-01,11477.6859,232.2997,166.9688,3507.8534,91989.5360,1103900.0794,172.8733,106.4326,0.1064,366.0171,25.8458,0.0084,0.9916,99.7171,5.0231,115.1976,47.1124
2024-12-02,11860.7957,240.4574,173.4761,3509.8783,93214.0846,1118543.3251,161.9713,105.0136,0.1050,372.9564,26.3481,0.0084,0.9916,99.6852,5.0120,116.7959,37.7877
2024-12-03,12215.2176,246.5057,177.4816,3590.6183,93657.1699,1123911.6115,166.7726,105.0840,0.1051,358.1572,33.6176,0.0091,0.9909,99.6908,4.9805,115.9930,39.4222
2024-12-04,11883.1396,241.5186,173.8819,3638.7154,93820.8458,1125842.1819,159.8007,107.4056,0.1074,369.5476,28.4153,0.0094,0.9906,99.6267,4.8705,114.8893,42.9937
2024-12-05,12398.2657,250.8306,181.1844,3750.8900,94900.3441,1138868.5475,170.7995,131.7428,0.1317,430.6275,32.8942,0.0139,0.9861,99.5099,3.8638,113.8720,43.5600
2024-12-06,12509.1974,257.3497,185.1537,3736.9926,95438.9339,1145201.6845,163.6481,122.0785,0.1221,410.5035,32.3029,0.0118,0.9882,99.5657,4.2731,112.9817,42.4613
2024-12-07,12439.8090,249.0175,179.2523,3702.1947,95418.9369,1145003.0135,164.9633,133.0817,0.1331,444.0720,35.8735,0.0139,0.9861,99.5169,3.6888,113.1826,46.8467
2024-12-08,12370.3796,244.0872,176.0316,3633.0121,93992.4417,1127885.1693,162.2156,139.2734,0.1393,477.4458,39.6498,0.0144,0.9856,99.5000,3.5698,111.4868,47.4754
2024-12-09,12108.8404,244.5884,176.7104,3625.2927,93802.0572,1125631.4330,160.8594,147.3629,0.1474,499.0127,39.1195,0.0163,0.9837,99.4336,3.1717,112.3788,47.9438
2024-12-10,11967.8436,243.2780,175.1624,3496.5714,92787.1241,1113442.3538,156.8892,155.1987,0.1552,518.0214,38.1871,0.0169,0.9831,99.4194,2.9954,110.8158,41.7320
2024-12-11,10964.2016,221.7077,159.7849,3299.7144,89140.0372,1069619.5622,170.9438,145.1707,0.1452,481.2521,37.9958,0.0156,0.9844,99.4420,3.3423,113.4852,44.6599
2024-12-12,11342.3428,230.3669,165.9634,3428.3105,91109.3588,1093240.6099,167.8524,142.5289,0.1425,488.3662,40.9195,0.0159,0.9841,99.4135,3.2655,113.3242,41.2071
2024-12-13,11710.7288,231.5212,167.1391,3488.4709,91900.6370,1102816.8641,158.7847,147.8504,0.1479,495.6505,35.5586,0.0165,0.9835,99.3983,3.2485,113.4293,46.3390
2024-12-14,11641.8554,231.2847,167.3386,3572.0406,91166.5178,1094058.1856,166.4866,163.3413,0.1633,570.5780,41.9748,0.0187,0.9813,99.3655,2.7449,111.4634,35.0618
2024-12-15,11886.3317,234.2410,168.2679,3636.6476,91890.0860,1102740.5208,174.2102,169.5586,0.1696,579.3944,46.2783,0.0205,0.9795,99.2623,2.5259,111.7998,40.0767
2024-12-16,12160.7625,238.7739,171.9277,3692.9164,92315.5321,1107772.6260,168.2217,158.6927,0.1587,537.1837,41.7607,0.0177,0.9823,99.3740,2.9267,109.5342,41.3906
2024-12-17,12279.9693,239.0462,172.1664,3678.3046,92767.2513,1113227.2272,185.5234,155.5946,0.1556,541.2726,41.0311,0.0173,0.9827,99.4012,2.9899,110.5241,40.5690
2024-12-18,11509.5394,224.6593,162.1231,3450.6572,89663.9941,1075935.7398,172.6673,153.0046,0.1530,506.2027,37.0033,0.0170,0.9830,99.4002,3.0704,109.7585,46.8311
2024-12-19,11654.6821,227.3534,164.5134,3484.2376,89694.6847,1076281.1604,171.8587,157.3917,0.1574,547.3840,41.6207,0.0176,0.9824,99.3636,2.9043,110.0474,37.8534
2024-12-20,11583.9121,229.9735,165.6489,3407.6095,90660.6060,1087977.7832,178.0931,164.7537,0.1648,552.0181,42.8302,0.0181,0.9819,99.3256,2.6867,110.6434,39.5783
2024-12-21,12238.0164,236.1192,170.1876,3735.0363,92547.9990,1110604.7958,174.6958,159.3501,0.1594,551.6506,41.2527,0.0179,0.9821,99.3929,2.7867,111.7410,38.4230
2024-12-22,12856.6763,253.5802,183.2143,3977.0751,94486.8104,1133830.6338,164.1875,187.0841,0.1871,628.3757,48.7049,0.0221,0.9779,99.2140,2.2855,113.3302,41.9164
2024-12-23,13254.9811,255.2919,183.2706,3972.7097,95806.4509,1149664.7685,175.6928,165.0601,0.1651,550.1449,42.0028,0.0187,0.9813,99.3122,2.6558,114.6581,39.3056
2024-12-24,12788.9380,257.5606,185.1388,3948.4208,95112.1463,1141384.1059,171.9291,174.7801,0.1748,571.9795,47.2273,0.0199,0.9801,99.2918,2.4786,115.5339,44.8822
2024-01-25,12367.0507,246.2030,177.1192,3788.9881,91889.3606,1102687.1444,177.2728,181.3499,0.1813,617.7937,46.3639,0.0217,0.9783,99.2399,2.4110,114.8052,44.7310
2024-01-26,12523.8482,244.9999,176.4723,3867.1200,93833.1518,1125986.6959,172.3973,168.8699,0.1689,580.8259,42.3137,0.0178,0.9822,99.3383,2.6788,113.4565,35.6788
2024-01-27,12536.4600,245.0653,176.6367,3915.4035,92548.9995,1110601.2857,170.3101,168.2240,0.1682,555.1765,38.8643,0.0169,0.9831,99.4112,2.6708,114.3326,35.6283
2024-01-28,12873.5042,249.4516,179.4239,4040.2255,93424.4912,1121095.6825,177.6499,165.7007,0.1657,586.0834,44.3884,0.0170,0.9830,99.4066,2.7214,114.7169,44.5043
2024-01-01,12865.6433,250.9789,181.6485,3949.5494,94117.8475,1129400.2568,174.2220,171.8111,0.1718,584.5402,44.8565,0.0192,0.9808,99.3361,2.5494,114.0974,43.2186
2024-01-02,12845.4251,250.6609,180.2012,4037.2608,94125.0512,1129474.5035,166.7050,196.7115,0.1967,655.3341,50.2120,0.0226,0.9774,99.2088,2.2457,114.0284,37.2398
2024-01-03,12557.6658,243.0802,174.9926,3886.1088,91227.8042,1094772.3508,175.4269,188.9301,0.1889,667.2781,45.1397,0.0224,0.9776,99.1943,2.3459,115.1351,41.9319
2024-01-04,12451.2907,243.9174,176.2338,3732.1454,92808.5665,1113686.3806,181.2251,183.6077,0.1836,619.7378,43.2815,0.0193,0.9807,99.2922,2.3200,116.2022,38.3038
2024-01-05,12580.0822,240.8788,173.8905,4056.6077,91857.4913,1102245.5968,176.5171,188.7152,0.1887,660.3496,40.5422,0.0220,0.9780,99.2270,2.2506,115.4871,44.4549
2024-01-06,12525.6457,242.5635,174.7133,3927.2316,91677.1071,1100198.8275,191.5402,172.2676,0.1723,551.1376,40.0279,0.0188,0.9812,99.3324,2.4968,113.9296,38.0592
2024-01-07,12857.5957,245.2427,176.8355,4016.2227,91729.4251,1100804.5379,183.3193,188.0377,0.1880,666.6446,45.3305,0.0211,0.9789,99.2925,2.2680,111.6588,40.1695
2024-01-08,12994.0015,239.7144,173.0742,4166.0993,91818.0109,1101839.0294,188.9288,202.8121,0.2028,692.4246,45.8319,0.0232,0.9768,99.1837,2.1141,111.1098,43.4628
2024-01-09,12993.6137,253.4522,182.5532,4119.6427,93154.3017,1117851.2957,176.9601,191.9605,0.1920,653.0952,48.0197,0.0211,0.9789,99.2690,2.3562,110.7344,42.1812
2024-01-10,12988.1326,248.1176,179.0400,4063.4479,92987.7338,1115862.7994,182.8058,193.0704,0.1931,660.9121,47.9199,0.0213,0.9787,99.2548,2.3074,109.1637,45.2018
2024-01-11,13392.3353,251.1179,180.4234,4241.8646,94215.0263,1130525.4046,179.6432,184.4286,0.1844,613.1449,47.1983,0.0198,0.9802,99.2710,2.2549,110.4168,43.2917
2024-01-12,13473.9619,262.1377,188.8471,4280.2145,94538.2475,1134460.4540,182.9397,198.1355,0.1981,685.6307,46.7216,0.0218,0.9782,99.2521,2.2225,112.6548,37.5225
2024-01-13,13305.4870,258.1895,185.1542,4202.0493,94506.0162,1134085.2108,179.1424,212.3723,0.2124,727.9823,47.6571,0.0243,0.9757,99.1407,2.0875,111.7455,42.7458
2024-01-14,13143.3653,256.5819,184.3679,4025.8073,94666.8794,1135996.8437,180.5201,234.1179,0.2341,800.4326,51.5950,0.0283,0.9717,98.9803,2.0712,112.6173,38.6332
2024-01-15,13980.5436,269.6716,193.6680,4442.6734,96762.4078,1161168.1936,165.9954,252.6183,0.2526,852.2564,58.7781,0.0315,0.9685,98.9037,2.4342,112.4799,46.3901
2024-01-16,13855.2225,266.9181,192.8719,4342.4228,96423.0593,1157048.6451,171.8920,268.8552,0.2689,900.0525,64.9336,0.0342,0.9658,98.8289,2.7242,113.1562,46.7886
2024-01-17,14167.7265,269.4803,193.8659,4436.8199,98662.9733,1183964.9043,167.0899,289.1443,0.2891,987.9790,69.9851,0.0368,0.9632,98.7083,3.3948,113.3629,45.4545
2024-01-18,14086.9479,281.6368,202.9960,4481.0989,99139.4559,1189613.7268,160.3707,282.9660,0.2830,972.6791,67.2896,0.0368,0.9632,98.7064,3.2010,113.2679,48.6533
2024-01-19,14166.6992,281.9732,202.6308,4635.7230,99690.4557,1196286.4132,159.3449,295.6432,0.2956,1007.3044,67.1666,0.0385,0.9615,98.6377,3.5736,114.3874,44.4445
2024-01-20,13684.6911,279.2107,200.9995,4286.6707,98037.9301,1176432.8901,158.0271,317.8081,0.3178,1078.4432,76.0999,0.0433,0.9567,98.4754,4.6648,115.2202,46.4788
2024-01-21,13975.1437,273.9394,197.1656,4469.3407,98385.5669,1180576.4186,165.9337,286.1503,0.2862,966.8137,68.1410,0.0367,0.9633,98.7362,3.2819,114.7363,44.8804
2024-01-22,13854.2598,272.3274,195.7181,4325.1340,97870.7968,1174435.7160,170.6190,301.1191,0.3011,1033.0607,69.6273,0.0395,0.9605,98.6203,3.7810,115.3155,44.7040
2024-01-23,14473.9417,278.6630,201.1301,4510.1768,98194.9226,1178341.6571,174.8087,313.2784,0.3133,1083.5379,75.2698,0.0425,0.9575,98.5219,4.2591,114.6105,44.6517
2024-01-24,13587.3470,269.3878,193.1996,4310.3773,97576.6991,1170898.6956,168.0592,295.2525,0.2953,1002.3143,70.6715,0.0388,0.9612,98.6515,3.7336,114.5700,42.9200
2024-01-25,13794.8193,267.5571,193.0178,4451.8736,97030.7126,1164406.7190,174.2953,281.9593,0.2820,948.4216,70.9375,0.0360,0.9640,98.6802,3.0886,115.2930,47.4696
2024-01-26,13712.7523,268.4127,194.6429,4386.8569,97082.1228,1164959.7069,169.8074,300.5855,0.3006,1052.9211,71.8447,0.0387,0.9613,98.6489,3.8109,115.8514,38.7520
2024-02-27,13881.4201,273.9906,196.9295,4437.6471,98731.4920,1184816.3450,176.5382,318.2706,0.3183,1063.1707,76.6148,0.0431,0.9569,98.5010,4.6136,114.0253,37.3078
2024-02-28,13334.3235,264.8506,190.7709,4322.6632,95100.9954,1141242.1888,172.2322,328.0329,0.3280,1118.8583,80.8621,0.0450,0.9550,98.4285,5.1501,114.7266,39.7111
2024-02-01,13701.6105,262.0075,187.9329,4389.5731,96348.6867,1156162.0498,169.6184,317.6347,0.3176,1079.0199,77.3767,0.0427,0.9573,98.4749,4.4830,113.3213,46.8135
2024-02-02,13485.6404,260.8767,187.8787,4254.5458,94760.0787,1137178.7997,170.9542,319.3549,0.3194,1102.4084,73.9274,0.0431,0.9569,98.4767,4.5012,113.5903,41.2232
2024-02-03,13244.3011,259.9799,186.3821,4153.8290,94945.2722,1139291.2881,174.2521,326.2621,0.3263,1107.9204,74.8339,0.0458,0.9542,98.4097,5.0081,114.4311,39.5741
2024-02-04,13235.3984,256.4132,184.9876,4185.8765,95575.0970,1146923.6067,171.1456,329.4110,0.3294,1099.7244,76.2998,0.0453,0.9547,98.4217,5.0790,112.6710,39.4772
2024-02-05,13257.9127,259.9990,187.0109,4227.8082,95390.0868,1144685.0916,179.9077,313.7093,0.3137,1052.8718,75.0201,0.0419,0.9581,98.5416,4.3609,111.4136,43.4203
2024-02-06,13771.1135,271.4318,194.5674,4340.7200,98044.0275,1176559.7686,178.5826,328.4331,0.3284,1118.3469,80.5802,0.0456,0.9544,98.3806,5.2424,112.3862,41.8560
2024-02-07,13927.1112,273.7636,196.5192,4388.8532,97833.9574,1173947.3667,179.0889,331.1403,0.3311,1125.9180,81.1735,0.0476,0.9524,98.3396,5.2278,112.7684,45.6369
2024-02-08,14390.0224,272.8337,195.7024,4506.8714,98343.0240,1180070.8631,181.4916,351.5164,0.3515,1187.2679,87.0555,0.0495,0.9505,98.2952,6.5250,110.3238,41.0475
