date,case_count,probable_case_count,hospitalized_count,death_count,case_count_7day_avg,all_case_count_7day_avg,hosp_count_7day_avg,death_count_7day_avg,bx_case_count,bx_probable_case_count,bx_hospitalized_count,bx_death_count,bx_case_count_7day_avg,bx_probable_case_count_7day_avg,bx_all_case_count_7day_avg,bx_hospitalized_count_7day_avg,bx_death_count_7day_avg,bk_case_count,bk_probable_case_count,bk_hospitalized_count,bk_death_count,bk_case_count_7day_avg,bk_probable_case_count_7day_avg,bk_all_case_count_7day_avg,bk_hospitalized_count_7day_avg,bk_death_count_7day_avg,mn_case_count,mn_probable_case_count,mn_hospitalized_count,mn_death_count,mn_case_count_7day_avg,mn_probable_case_count_7day_avg,mn_all_case_count_7day_avg,mn_hospitalized_count_7day_avg,mn_death_count_7day_avg,qn_case_count,qn_probable_case_count,qn_hospitalized_count,qn_death_count,qn_case_count_7day_avg,qn_probable_case_count_7day_avg,qn_all_case_count_7day_avg,qn_hospitalized_count_7day_avg,qn_death_count_7day_avg,si_case_count,si_probable_case_count,si_hospitalized_count,si_death_count,si_probable_case_count_7day_avg,si_case_count_7day_avg,si_all_case_count_7day_avg,si_hospitalized_count_7day_avg,si_death_count_7day_avg
2021-01-01,1340,785,297,41,3808,4753,298,45,206,162,59,11,695,172,867,56,7,415,169,81,19,1100,252,1353,92,16,163,122,36,3,465,129,593,42,6,434,256,94,5,1143,310,1453,88,10,122,76,27,3,83,403,486,20,5
2021-01-02,4200,1069,325,62,3914,4884,307,48,723,187,54,13,722,178,899,57,8,1107,275,97,20,1112,256,1368,93,18,519,176,48,5,478,137,615,44,6,1341,322,100,16,1182,314,1496,92,11,509,109,26,8,85,420,505,21,6
2021-01-03,3464,1021,300,43,3996,4981,315,47,512,179,53,9,726,179,905,60,8,1065,293,94,12,1134,265,1399,93,17,396,159,36,5,490,142,632,45,5,1092,308,102,12,1214,313,1527,97,11,399,82,15,5,85,432,518,21,6
2021-01-04,6609,1470,411,65,4170,5194,323,50,1257,304,65,10,760,192,952,60,9,1896,343,139,26,1176,265,1441,98,19,917,260,62,6,524,157,680,46,5,1880,419,116,15,1264,317,1581,98,12,658,143,29,8,93,446,539,22,6
2021-01-05,6153,1400,353,73,4306,5386,327,53,1166,269,72,13,785,202,987,61,9,1759,398,101,23,1225,281,1507,100,20,890,220,53,11,563,170,733,45,5,1819,413,103,21,1295,330,1625,98,13,517,100,24,5,96,437,533,23,5
2021-01-06,5692,1281,381,66,4407,5521,336,56,1109,235,71,16,805,210,1015,61,11,1608,347,113,19,1255,289,1544,102,20,760,222,44,2,577,180,757,46,5,1687,387,122,23,1323,339,1662,103,15,525,90,31,6,96,445,541,25,5
2021-01-07,5449,1182,359,56,4701,5874,347,58,982,236,65,4,851,225,1075,63,11,1642,330,110,18,1356,308,1664,105,20,799,174,35,14,635,190,825,45,7,1573,352,121,13,1404,351,1755,108,15,452,90,28,7,99,455,553,26,6
2021-01-08,5305,1089,355,64,5267,6483,355,61,985,203,62,9,962,230,1192,63,11,1455,275,115,16,1505,323,1828,110,19,780,167,33,10,723,197,920,44,8,1603,371,119,21,1571,367,1938,112,17,481,72,26,8,98,506,604,26,7
2021-01-09,3693,895,331,73,5195,6386,356,63,677,179,61,15,955,229,1185,64,11,1009,257,94,23,1491,320,1811,109,20,447,129,35,11,713,190,903,43,8,1189,257,112,20,1549,358,1907,114,18,371,73,29,4,93,486,579,26,6
2021-01-10,3197,1008,310,57,5157,6346,357,65,461,220,52,11,948,235,1183,64,11,1008,319,87,18,1482,324,1807,108,20,366,141,48,3,708,188,896,44,8,1019,256,96,21,1539,351,1889,113,19,343,72,27,4,91,478,570,28,6
2021-01-11,5921,1346,403,61,5059,6230,356,64,1144,268,88,8,932,230,1162,67,11,1755,415,125,13,1462,334,1797,106,19,845,194,55,6,698,178,876,43,8,1705,384,108,32,1514,346,1859,112,22,469,85,27,2,83,451,534,27,5
2021-01-12,5241,1188,397,78,4928,6070,362,65,999,235,89,9,908,225,1133,70,10,1616,341,125,33,1442,326,1768,110,20,671,171,49,10,667,171,838,43,8,1540,335,103,21,1474,335,1808,112,22,415,106,31,5,84,437,521,28,5
2021-01-13,5184,1217,428,72,4856,5988,369,66,1045,264,94,5,899,229,1128,73,9,1534,336,128,23,1431,325,1756,112,21,697,197,60,6,658,168,825,45,9,1530,327,113,32,1451,326,1777,110,23,377,93,33,6,84,415,500,29,5
2021-01-14,5264,1129,430,70,4829,5954,379,68,996,233,78,7,901,229,1130,75,9,1560,331,136,24,1420,325,1744,116,21,748,181,62,7,651,169,819,49,8,1539,293,121,26,1446,318,1764,110,25,419,90,33,6,84,411,495,29,5
2021-01-15,4845,1081,390,69,4764,5887,384,69,932,225,72,12,893,232,1125,76,10,1400,326,128,11,1412,332,1744,118,21,663,145,48,14,634,165,799,51,8,1494,309,110,22,1431,309,1740,109,25,355,76,32,10,85,393,478,30,5
2021-01-16,3481,910,373,71,4733,5859,390,68,607,212,69,14,883,237,1120,77,9,1073,270,105,22,1421,334,1755,119,21,444,130,53,5,633,166,799,54,7,1060,240,121,28,1412,306,1719,110,26,297,58,25,2,83,382,465,30,5
2021-01-17,2919,1034,338,59,4694,5823,394,69,502,196,70,7,889,233,1123,80,9,903,331,103,27,1406,336,1742,121,22,395,160,55,6,638,168,806,55,8,863,285,87,17,1390,310,1701,109,25,256,62,23,2,81,370,451,29,5
2021-01-18,4645,1323,444,79,4511,5637,400,71,769,271,97,17,836,234,1069,81,10,1461,401,142,25,1364,334,1698,124,24,601,195,54,8,603,168,771,54,8,1435,341,119,22,1352,304,1656,111,24,379,114,32,7,86,357,442,30,5
2021-01-19,5140,1338,391,88,4497,5644,399,73,1085,267,73,11,848,238,1086,79,10,1476,429,117,31,1344,346,1690,123,23,723,211,63,11,610,174,784,56,8,1518,348,114,28,1348,306,1655,112,25,337,83,24,7,82,346,428,29,6
2021-01-20,4909,1271,372,80,4458,5613,391,74,1038,247,83,8,847,236,1083,77,11,1352,395,107,29,1318,355,1673,120,24,727,197,49,10,614,174,789,55,9,1440,358,115,26,1336,311,1646,112,24,352,73,18,7,79,342,422,27,6
2021-01-21,4942,1246,416,69,4412,5583,389,74,962,272,87,13,842,241,1084,79,12,1406,344,120,23,1296,357,1652,117,24,723,170,63,13,611,173,783,55,10,1501,373,121,16,1330,322,1652,112,23,350,87,25,4,79,332,411,26,6
2021-01-22,4715,1225,429,87,4393,5585,395,76,1062,273,98,12,861,248,1109,82,12,1324,344,125,37,1285,359,1644,117,28,707,188,57,9,617,179,796,56,9,1291,330,120,25,1301,325,1626,114,23,330,90,29,4,81,329,410,25,5
2021-01-23,3462,1028,324,85,4390,5600,388,78,682,216,75,12,871,249,1120,83,11,1013,278,93,32,1276,360,1637,115,29,500,175,53,10,625,185,810,56,10,1022,294,82,21,1296,333,1628,108,22,245,65,21,10,82,321,403,25,6
2021-01-24,2927,967,334,74,4391,5591,387,80,507,207,76,9,872,250,1123,84,12,905,263,98,24,1277,351,1627,115,29,413,164,49,9,628,186,813,55,10,923,275,91,24,1304,331,1636,109,23,179,58,20,8,81,310,392,24,7
2021-01-25,5808,1417,403,71,4558,5771,381,79,1173,275,100,10,930,251,1181,85,11,1762,434,111,20,1320,355,1675,110,28,876,231,64,12,667,191,858,57,11,1631,388,110,21,1332,338,1670,108,23,365,89,18,8,78,308,386,22,7
2021-01-26,4861,1236,369,86,4518,5716,378,79,1003,282,82,11,918,253,1171,86,11,1420,316,99,33,1312,339,1651,108,28,764,222,50,12,673,192,865,55,11,1388,347,117,28,1314,338,1652,108,23,285,68,21,2,76,301,377,22,6
2021-01-27,5003,1198,426,95,4531,5719,386,81,991,267,87,12,911,256,1167,86,11,1503,355,130,31,1333,333,1667,111,29,822,206,57,23,686,194,880,56,13,1407,303,124,24,1309,330,1639,109,23,279,67,28,5,75,290,365,23,6
2021-01-28,4778,1156,391,90,4508,5683,382,84,953,224,106,21,910,249,1159,89,12,1431,369,113,17,1337,337,1674,110,28,755,187,52,18,691,196,887,55,13,1367,317,104,27,1290,322,1612,107,24,270,59,16,7,71,279,350,22,6
2021-01-29,3667,1001,408,89,4358,5501,379,84,732,237,84,18,863,244,1107,87,13,1096,297,127,28,1304,330,1635,110,26,529,163,68,10,666,193,858,56,13,1074,243,113,27,1259,310,1568,106,25,234,61,16,6,67,265,332,20,7
2021-01-30,2875,821,272,84,4274,5388,372,84,557,183,58,16,845,239,1084,85,14,873,235,76,28,1284,324,1608,108,26,359,129,47,9,645,186,831,55,13,922,224,73,27,1245,300,1544,105,25,164,49,18,4,64,254,318,20,6
2021-01-31,2894,948,303,76,4269,5380,367,84,547,200,63,8,851,238,1089,83,14,884,260,97,27,1281,324,1605,108,26,334,189,38,9,634,190,824,54,13,911,243,88,26,1243,295,1538,104,26,218,55,17,6,64,259,323,19,5
2021-02-01,977,547,289,66,3579,4566,351,84,169,110,83,12,707,215,922,80,14,342,165,82,22,1078,285,1364,103,27,189,98,41,5,536,171,707,50,12,234,152,70,24,1043,261,1305,98,26,43,22,13,3,54,213,268,18,5
2021-02-02,2660,535,401,82,3265,4151,356,83,434,113,89,14,626,191,817,81,14,873,150,140,30,1000,262,1262,109,26,441,93,58,8,490,152,642,52,12,770,143,96,24,955,232,1187,95,26,142,35,18,6,50,193,243,18,5
2021-02-03,5144,1083,436,80,3285,4155,357,81,1093,251,95,15,641,188,829,83,15,1505,303,147,20,1001,254,1255,112,25,822,204,69,14,490,152,642,53,10,1403,260,107,24,954,226,1180,93,26,321,65,18,7,49,199,248,17,6
2021-02-04,4831,1111,436,97,3293,4156,364,82,1071,255,86,21,658,193,850,80,15,1372,301,142,30,992,244,1237,116,26,705,198,74,15,483,153,636,56,10,1398,288,120,28,959,222,1181,95,26,285,69,14,3,51,201,252,16,5
2021-02-05,4161,1115,439,85,3363,4243,368,81,953,248,101,14,689,194,883,82,14,1247,297,137,33,1014,244,1258,117,27,537,214,67,12,484,161,645,56,10,1182,285,114,22,974,228,1202,95,25,242,71,20,4,52,202,254,17,5
2021-02-06,3080,863,356,81,3392,4278,380,81,719,179,81,12,712,194,906,85,14,900,251,90,27,1018,247,1264,119,27,389,156,66,10,488,165,653,59,10,892,223,97,25,970,228,1198,99,25,180,54,22,7,53,204,257,17,5
2021-02-07,1645,722,310,80,3214,4068,381,82,324,154,84,20,680,187,868,88,15,567,216,103,21,972,240,1213,120,26,202,130,38,14,469,156,625,59,11,453,176,75,22,905,218,1123,97,24,99,46,10,3,52,187,239,16,5
2021-02-08,4431,1166,390,86,3707,4650,395,84,972,281,96,19,795,212,1007,90,16,1345,347,124,24,1116,266,1382,126,26,610,173,60,17,529,167,696,62,13,1237,294,91,21,1048,238,1286,100,24,267,71,19,5,59,219,278,17,5
2021-02-09,3722,1017,395,71,3859,4870,395,83,873,221,95,9,858,227,1085,91,16,1082,298,106,25,1145,288,1433,121,26,518,170,56,13,540,178,718,61,14,1004,273,112,21,1081,257,1338,102,23,245,55,26,3,62,234,296,18,5
2021-02-10,3777,984,355,81,3664,4661,383,83,868,190,83,21,826,218,1044,89,17,1061,252,116,20,1082,280,1362,117,26,569,183,43,9,504,175,679,58,13,1005,287,91,26,1024,261,1285,100,24,274,72,22,5,63,227,290,19,4
2021-02-11,3411,915,324,99,3461,4430,367,83,723,186,64,22,776,208,984,86,17,931,293,109,31,1019,279,1298,112,26,548,172,51,14,482,171,653,54,13,977,213,85,27,964,250,1214,95,23,228,51,15,5,60,219,279,19,5
2021-02-12,3315,840,342,83,3340,4270,353,83,726,197,78,13,744,201,945,83,17,934,237,104,29,974,271,1245,107,25,494,137,48,9,476,160,636,52,12,929,227,88,27,928,242,1170,91,24,231,42,24,5,56,218,274,20,5
2021-02-13,2209,806,281,87,3216,4137,342,84,420,162,70,14,701,199,900,81,17,671,224,73,27,942,267,1208,105,25,276,147,42,15,460,159,618,48,13,707,218,87,26,902,241,1143,90,24,135,55,9,5,56,211,267,18,4
2021-02-14,1898,794,243,83,3252,4184,333,84,371,158,58,13,708,199,907,78,16,587,234,82,29,944,269,1214,102,26,245,116,33,17,466,157,623,48,13,580,227,56,21,920,248,1168,87,24,115,59,14,3,58,214,271,18,4
2021-02-15,2860,693,317,85,3027,3892,322,84,527,141,71,16,644,179,823,74,15,859,196,94,30,875,248,1123,98,27,366,89,47,13,431,145,576,46,13,873,218,89,22,868,238,1105,87,24,234,49,16,4,55,209,264,18,4
2021-02-16,3722,950,353,86,3027,3882,316,86,787,199,79,17,632,176,808,72,17,1109,289,116,33,879,246,1125,99,28,611,158,53,6,444,143,587,45,12,1024,240,93,27,871,233,1104,84,25,190,64,12,3,56,201,257,16,4
2021-02-17,3434,1024,293,85,2978,3839,308,87,771,226,64,26,618,181,799,69,17,1005,299,100,24,871,253,1124,97,29,540,158,40,7,440,140,580,45,12,922,285,81,25,859,233,1091,83,25,196,56,8,3,54,190,244,14,4
2021-02-18,2049,797,258,58,2784,3627,298,81,384,164,52,8,569,178,748,67,15,591,246,77,22,822,246,1069,92,28,410,151,38,8,420,137,557,43,11,554,203,81,18,798,231,1030,82,24,110,33,10,2,51,173,224,13,4
2021-02-19,3007,984,299,58,2740,3604,292,77,608,201,72,9,553,179,731,67,15,854,308,80,17,811,257,1067,89,26,462,160,42,11,416,140,556,42,11,856,250,91,20,788,234,1022,83,23,227,65,14,1,54,172,227,12,3
2021-02-20,2495,927,296,75,2781,3662,294,76,510,204,71,24,565,185,750,67,16,681,281,88,19,812,265,1077,91,25,347,145,41,9,426,140,565,42,10,785,256,86,16,799,240,1039,82,21,172,41,10,7,52,178,230,12,3
2021-02-21,2286,583,274,62,2836,3687,299,73,359,113,57,19,564,178,742,67,17,792,183,85,15,842,257,1099,91,23,318,57,34,5,436,131,567,42,8,666,201,84,20,811,236,1048,86,21,151,29,14,3,48,183,231,12,3
2021-02-22,3624,973,347,73,2945,3836,303,71,751,185,80,12,596,185,780,68,16,1117,300,116,27,878,272,1151,95,22,547,166,53,10,462,142,604,43,8,981,258,85,19,827,242,1069,86,21,228,64,13,5,50,182,232,12,3
2021-02-23,3473,1055,331,80,2910,3816,300,70,731,237,69,19,588,190,778,66,17,1073,302,109,22,873,274,1147,94,21,533,169,46,12,451,144,595,42,9,934,302,93,24,814,251,1065,86,20,201,45,14,3,48,184,231,12,3
2021-02-24,3464,997,353,82,2914,3816,308,70,713,187,71,14,579,184,764,67,15,1023,302,106,24,876,275,1150,94,21,568,189,48,19,455,148,603,43,11,943,283,118,17,817,250,1067,91,19,217,35,10,8,45,187,231,12,4
2021-02-25,3474,974,292,80,3118,4045,313,73,715,208,70,18,627,191,817,70,16,1026,302,86,25,938,283,1221,96,21,513,151,45,12,470,148,618,44,11,957,258,80,22,875,258,1133,91,20,263,55,11,3,48,208,256,12,4
2021-02-26,3241,976,327,77,3151,4077,317,76,676,217,55,13,636,193,829,68,17,943,267,98,15,951,277,1227,98,21,517,168,54,19,478,149,627,46,12,889,253,105,25,879,259,1138,93,20,216,71,15,5,49,207,255,12,5
2021-02-27,2018,789,241,67,3083,3990,309,74,376,136,48,8,617,183,801,64,15,625,264,68,28,943,274,1217,95,22,248,126,32,8,463,147,610,45,12,631,227,81,21,857,255,1112,92,21,138,35,12,2,48,202,250,13,4
2021-02-28,2037,881,244,72,3047,3997,305,76,329,151,55,12,613,189,802,64,14,733,277,86,24,934,288,1222,96,24,252,138,28,11,454,158,612,44,13,573,248,69,23,844,261,1105,90,22,150,67,6,2,53,202,255,12,4
2021-03-01,3727,1177,323,65,3062,4040,302,75,731,226,74,5,610,195,805,63,13,1174,317,85,22,942,290,1233,91,23,531,200,49,8,452,163,615,43,13,1030,367,98,24,851,277,1128,92,22,261,67,17,6,54,207,260,12,4
2021-03-02,3108,1014,273,55,3010,3982,293,71,562,196,55,11,586,189,775,61,12,936,275,80,15,923,286,1209,87,22,495,177,48,6,446,164,610,43,12,860,319,69,18,840,279,1120,89,21,255,47,21,5,54,214,268,13,4
2021-03-03,3242,1123,306,74,2978,3969,287,70,637,226,68,20,575,194,769,61,12,956,351,91,16,913,293,1207,85,21,521,189,49,16,440,164,604,44,11,861,296,85,18,829,281,1110,84,22,267,61,13,4,58,221,279,14,4
2021-03-04,3118,997,298,65,2927,3921,287,68,574,184,70,11,555,191,746,61,11,938,308,100,15,901,294,1195,87,19,496,164,51,11,437,166,603,44,11,859,267,67,23,815,282,1097,82,22,250,74,10,5,60,220,280,13,4
2021-03-05,2886,905,255,53,2877,3860,277,64,554,181,66,7,538,186,723,62,11,887,252,69,18,893,292,1185,83,20,403,156,33,11,421,164,585,41,10,806,255,68,12,803,283,1086,77,20,236,61,19,5,59,222,281,14,4
2021-03-06,2043,694,241,56,2880,3850,277,63,330,135,43,13,531,186,717,62,11,594,181,66,13,888,280,1168,82,18,259,129,36,12,422,165,587,42,11,688,204,83,15,811,279,1090,77,19,172,45,13,3,60,227,288,14,4
2021-03-07,1876,850,245,61,2857,3823,277,61,291,139,53,10,526,184,709,61,11,595,242,70,22,869,275,1144,80,17,238,143,36,9,420,165,586,43,10,605,281,71,17,816,284,1100,77,18,147,45,15,3,57,227,284,15,4
2021-03-08,3401,1163,300,71,2811,3774,274,62,624,203,60,14,510,181,691,59,12,1109,348,72,18,859,280,1139,78,17,491,182,52,12,415,163,578,44,11,918,364,94,20,800,284,1083,77,18,259,66,22,7,57,227,284,16,5
2021-03-09,3341,1073,282,72,2844,3816,275,65,581,183,62,18,513,179,692,60,13,1085,338,73,18,881,289,1169,77,17,527,192,46,11,419,165,584,43,12,915,306,85,24,807,282,1089,79,18,233,54,16,1,58,223,281,15,4
2021-03-10,3204,1086,282,65,2838,3805,272,63,562,196,57,17,502,174,677,59,13,957,317,95,19,881,284,1164,78,18,518,172,36,7,419,163,581,41,10,908,325,81,18,814,286,1100,78,18,259,76,13,4,60,222,282,15,4
2021-03-11,3104,1004,292,58,2836,3804,271,62,544,179,51,13,498,174,672,56,13,963,286,100,20,884,281,1165,78,18,464,142,44,7,414,159,574,40,10,920,325,82,13,823,294,1117,81,17,213,71,15,5,60,217,277,16,4
2021-03-12,3203,886,293,74,2882,3847,276,65,572,156,61,15,501,170,671,55,14,937,255,91,26,891,281,1172,81,19,486,138,36,14,426,157,583,41,10,964,281,91,18,845,298,1143,84,18,244,56,14,1,59,218,277,15,3
2021-03-13,2174,825,222,65,2900,3884,274,67,331,165,39,12,501,174,675,55,14,627,254,66,22,896,291,1188,81,21,284,108,34,8,430,154,584,41,10,755,246,78,18,855,304,1159,83,18,177,52,5,5,60,219,279,14,4
2021-03-14,1928,812,251,43,2908,3886,275,64,249,148,42,9,495,176,670,53,14,644,252,82,16,903,293,1196,83,20,224,124,30,5,428,151,579,40,9,662,236,86,12,863,298,1161,85,18,149,52,11,1,61,219,280,14,3
2021-03-15,3394,1087,293,47,2907,3874,274,61,564,178,62,6,486,172,658,53,13,1062,319,83,17,896,289,1185,84,20,449,179,35,13,422,151,572,37,9,1093,322,95,7,888,292,1180,85,16,226,89,18,4,64,214,279,13,3
2021-03-16,3194,985,251,66,2886,3841,269,60,570,186,44,15,485,173,657,51,12,986,294,79,19,882,282,1165,85,20,491,175,40,8,417,148,565,36,9,934,257,73,19,891,285,1175,84,15,213,73,15,5,67,212,279,13,4
2021-03-17,3172,1119,276,47,2881,3841,268,57,517,221,45,8,478,176,654,49,11,940,310,99,9,880,281,1161,86,18,506,217,45,12,415,155,570,38,10,942,307,70,14,896,282,1178,82,14,267,64,17,4,65,213,278,14,4
2021-03-18,2922,989,305,61,2855,3813,270,58,499,159,55,13,472,173,645,50,11,857,260,100,17,865,278,1142,86,18,446,202,32,11,412,163,576,36,10,888,289,94,17,891,277,1168,84,15,232,78,24,3,66,215,282,15,3
2021-03-19,3038,1026,261,48,2832,3809,266,54,546,187,58,10,468,178,646,49,10,901,306,84,10,860,285,1145,85,16,429,174,35,10,404,168,573,36,10,895,311,66,15,881,281,1162,80,15,267,48,18,3,65,219,284,15,4
2021-03-20,2160,888,261,51,2830,3816,271,52,334,134,53,4,468,173,642,51,9,660,251,88,17,864,285,1149,88,15,270,146,30,9,402,174,576,35,10,736,292,73,16,879,288,1166,80,14,160,65,17,5,67,216,283,17,4
2021-03-21,2093,818,272,50,2853,3841,274,53,294,127,34,7,475,170,645,50,9,710,239,93,12,874,283,1156,89,14,234,138,29,9,404,176,579,35,10,681,257,97,19,881,291,1172,81,15,174,57,19,3,68,220,288,18,4
2021-03-22,3881,1250,328,56,2923,3934,279,54,654,233,54,15,488,178,666,49,10,1215,384,98,20,896,292,1188,92,15,579,223,48,7,422,182,604,37,9,1115,325,105,11,884,291,1176,83,16,317,85,23,3,67,233,300,19,4
2021-03-23,3252,1122,285,54,2931,3961,284,52,566,178,60,8,487,177,664,51,9,1023,308,92,16,901,294,1195,93,14,471,188,33,10,419,184,603,36,10,939,381,84,16,885,309,1194,84,15,253,67,16,4,66,239,305,19,4
2021-03-24,3444,1160,294,43,2970,4006,287,52,570,218,61,5,495,177,671,54,9,1049,327,97,15,916,296,1213,93,15,526,202,22,4,422,182,604,33,9,1011,337,91,15,895,313,1208,87,16,288,76,23,4,68,242,310,20,4
2021-03-25,3799,1216,312,72,3095,4164,288,53,638,210,52,13,515,184,698,53,9,1147,368,107,24,958,312,1270,94,16,587,212,30,11,442,183,626,32,9,1131,346,98,21,930,321,1251,88,16,296,80,25,3,68,251,319,20,4
2021-03-26,3412,1026,310,66,3149,4217,295,56,568,177,60,12,518,182,700,53,9,1000,268,104,24,972,306,1278,97,18,494,185,36,5,452,185,636,33,8,1041,342,82,19,951,326,1276,90,17,309,54,28,6,69,257,326,22,4
2021-03-27,2218,819,267,59,3157,4216,295,57,363,137,54,15,522,183,705,54,11,631,230,88,19,968,303,1271,97,19,268,157,33,12,451,186,638,33,8,741,226,78,11,951,316,1268,91,16,215,69,14,2,70,265,334,21,4
2021-03-28,1749,718,208,57,3108,4152,286,58,254,122,36,10,516,182,698,54,11,574,200,61,15,948,298,1246,92,19,224,155,19,7,450,189,639,32,8,545,191,76,19,932,307,1239,88,16,152,50,16,6,69,261,330,21,4
2021-03-29,3558,1197,305,52,3062,4099,283,58,626,228,55,17,512,181,694,54,11,1043,323,100,12,924,289,1213,93,18,485,197,37,6,436,185,622,30,8,1093,345,93,16,929,310,1238,86,17,311,104,20,1,71,261,332,20,4
2021-03-30,3186,978,264,46,3052,4069,280,56,593,179,61,7,516,182,698,54,11,938,319,84,17,912,291,1202,92,18,472,189,34,2,437,185,622,30,7,936,247,65,18,928,291,1219,83,17,247,44,20,2,68,260,328,21,3
2021-03-31,3185,992,291,65,3015,4008,280,60,508,211,49,7,507,181,688,52,12,959,275,104,25,899,283,1182,93,19,517,155,26,9,435,179,614,31,7,940,275,91,18,918,282,1200,83,17,261,75,21,6,68,256,324,21,4
2021-04-01,2865,857,264,59,2882,3823,273,58,502,149,49,14,488,172,660,52,12,860,251,101,18,858,267,1124,92,19,445,157,36,7,415,171,586,32,7,831,251,64,17,875,268,1143,78,17,226,49,14,3,64,246,309,19,4
2021-04-02,2623,794,265,53,2769,3677,266,56,361,157,31,8,458,169,627,48,11,846,220,89,24,836,260,1096,90,19,381,155,34,5,399,166,565,31,7,812,198,92,14,843,248,1090,80,16,221,63,19,2,65,233,298,18,3
2021-04-03,2049,584,236,50,2745,3619,262,55,313,93,46,8,451,163,614,47,10,639,182,78,19,837,253,1090,88,19,233,96,27,6,394,158,552,30,6,663,175,73,17,831,240,1072,79,17,201,38,12,0,60,231,292,17,3
2021-04-04,1461,599,212,48,2704,3561,262,53,191,102,41,10,442,160,602,47,10,495,173,65,13,826,249,1075,89,18,180,90,21,7,388,148,536,31,6,454,186,72,15,818,240,1058,79,16,141,48,13,3,60,230,290,17,2
2021-04-05,3270,976,266,56,2663,3488,257,54,505,166,46,14,425,151,576,46,10,1040,288,88,12,825,244,1069,87,18,466,169,29,7,385,144,529,30,6,975,286,86,18,802,231,1033,78,17,284,67,17,5,55,226,281,17,3
2021-04-06,3002,936,231,48,2636,3456,252,54,499,182,56,9,411,151,563,45,10,931,256,74,15,824,235,1059,86,18,463,182,27,4,384,143,527,29,6,863,241,67,15,791,230,1021,78,16,245,75,7,5,59,226,285,15,3
2021-04-07,2764,846,221,45,2576,3375,242,51,467,168,44,5,405,145,551,45,10,868,236,75,11,811,229,1041,81,16,412,140,22,7,369,141,510,28,6,789,239,61,15,770,225,995,74,16,227,63,19,7,58,221,278,14,4
2021-04-08,2575,749,218,55,2535,3318,236,51,417,150,38,14,393,145,539,43,10,812,225,72,21,804,226,1030,77,16,322,122,26,7,351,136,487,27,6,788,205,71,10,763,219,982,75,15,236,46,11,3,57,222,279,14,4
2021-04-09,2464,753,207,57,2512,3290,227,51,355,119,45,8,392,140,532,45,10,802,230,52,27,798,227,1025,72,17,321,125,28,9,342,132,474,26,7,733,224,63,12,752,222,974,70,15,253,55,19,1,56,227,283,14,3
2021-04-10,1723,599,190,51,2466,3245,221,51,231,131,34,6,381,145,526,43,9,564,182,61,15,787,227,1015,70,16,196,84,25,6,337,130,467,25,7,583,151,58,21,741,219,960,68,15,149,51,12,3,58,219,277,14,4
2021-04-11,1312,628,161,57,2444,3228,213,53,177,120,27,6,379,148,527,41,9,461,191,51,22,783,230,1012,68,18,148,90,17,9,333,130,463,25,7,397,185,58,18,733,219,951,66,16,129,42,8,2,57,218,275,13,4
2021-04-12,2537,811,205,43,2340,3100,205,51,404,125,39,7,364,142,506,40,8,853,267,58,17,756,227,983,63,18,332,113,32,5,313,122,436,25,7,743,242,64,13,699,212,912,63,15,205,64,12,1,57,206,263,13,3
2021-04-13,2364,719,204,38,2248,2978,201,49,385,130,30,5,348,135,483,37,7,774,238,68,13,733,224,958,62,18,344,107,30,5,296,112,408,26,7,692,212,62,13,675,208,883,62,15,167,32,14,2,50,195,246,14,3
2021-04-14,2240,646,192,36,2174,2874,197,48,350,115,36,7,331,127,458,36,8,721,183,66,11,712,217,929,61,18,319,110,25,7,283,107,390,26,7,636,198,52,10,653,202,856,61,14,214,40,13,1,47,193,240,13,2
2021-04-15,2016,594,220,43,2094,2772,197,46,353,101,45,7,322,120,442,37,7,640,184,65,11,688,211,899,60,17,283,86,28,9,278,102,380,26,7,561,172,65,11,621,198,818,60,14,179,51,17,5,48,185,233,14,2
2021-04-16,1828,631,198,35,2003,2664,196,43,258,138,31,2,308,123,431,35,6,594,186,76,15,658,204,863,64,15,227,99,21,4,264,98,363,25,6,564,163,55,12,597,189,786,59,14,184,45,15,2,46,175,222,13,2
2021-04-17,1275,446,164,35,1939,2578,192,41,209,77,25,4,305,115,420,33,5,411,152,59,17,636,200,836,63,15,129,69,16,5,255,96,351,24,6,411,109,54,8,572,183,755,59,12,115,39,10,1,45,170,215,13,2
2021-04-18,1049,476,167,37,1901,2519,193,38,164,84,30,3,303,110,413,34,5,357,129,67,18,621,191,813,66,15,127,63,12,7,252,92,344,23,6,296,154,44,7,558,179,736,57,11,105,46,14,2,45,167,212,14,2
2021-04-19,1887,606,179,43,1808,2397,189,38,288,118,30,5,287,109,396,32,5,642,194,58,16,591,181,772,66,14,231,73,20,5,237,87,324,22,6,543,178,55,12,529,169,698,55,10,182,43,16,4,42,164,206,14,2
2021-04-20,1606,487,155,35,1700,2255,182,38,286,116,26,4,273,107,380,32,5,518,140,60,15,555,167,722,64,15,222,71,19,2,220,82,301,20,6,433,126,39,12,492,157,649,52,10,146,34,11,2,43,161,203,14,2
2021-04-21,1423,535,117,36,1583,2123,171,38,209,106,15,2,252,106,358,29,4,513,169,43,12,525,165,690,61,15,181,63,11,4,200,75,275,18,5,388,149,35,18,457,150,607,50,11,132,48,13,0,44,149,193,14,2
2021-04-22,1359,428,158,42,1490,2005,163,38,226,85,40,5,234,103,338,28,4,489,116,49,17,503,155,659,59,16,142,59,13,4,180,71,251,16,4,375,134,46,12,430,145,575,47,12,127,34,10,4,41,142,183,13,2
2021-04-23,1287,400,153,47,1412,1895,156,39,217,64,23,12,228,93,321,27,5,438,136,51,11,481,148,629,55,15,129,37,19,6,166,62,228,16,5,369,132,46,16,402,140,542,46,12,134,31,14,2,39,134,174,13,2
2021-04-24,852,320,101,30,1352,1816,147,39,125,58,21,3,216,90,307,26,5,306,98,30,11,466,140,606,51,14,87,47,12,6,160,59,219,15,5,255,86,29,9,380,137,517,42,12,79,31,9,1,38,129,167,12,2
2021-04-25,755,282,119,26,1310,1747,140,37,95,52,22,5,207,86,292,25,5,270,95,35,6,454,135,589,47,13,75,46,17,3,152,57,209,16,4,246,73,41,10,373,125,498,42,13,69,16,4,2,34,124,158,11,2
2021-04-26,1366,366,145,30,1235,1638,135,35,226,82,30,5,198,80,278,25,5,498,115,50,15,433,124,557,45,12,167,46,16,2,143,53,196,15,4,357,101,42,7,346,114,461,40,12,117,22,7,1,31,115,146,10,2
2021-04-27,1139,356,116,33,1169,1553,130,35,204,74,17,5,186,74,260,24,5,392,101,45,11,415,119,534,43,12,145,54,8,5,132,50,183,14,4,301,96,37,10,327,110,437,39,12,97,31,9,2,30,108,138,9,2
2021-04-28,1208,381,125,33,1138,1500,131,34,190,76,17,5,183,70,253,24,6,418,122,44,13,402,112,513,43,12,129,53,19,4,125,49,174,15,4,362,109,36,11,324,104,428,40,11,109,21,9,0,27,105,131,9,2
2021-04-29,1052,317,116,33,1094,1440,125,33,154,65,20,7,173,67,240,21,6,391,105,42,8,388,110,498,42,11,150,42,18,3,126,46,172,16,4,267,82,27,13,308,97,405,37,11,90,23,9,2,25,99,124,9,1
2021-04-30,950,314,91,39,1046,1380,116,32,171,63,16,5,166,67,234,20,5,322,104,33,15,371,106,477,40,11,103,40,11,5,122,47,169,14,4,274,81,28,11,295,90,384,34,10,80,26,3,3,24,92,116,7,2
2021-05-01,578,216,78,33,1007,1326,113,32,86,50,13,4,161,66,227,19,5,190,64,23,12,354,101,455,39,11,63,36,13,5,119,45,164,15,4,181,54,26,10,284,85,369,34,10,58,12,3,2,22,89,110,6,2
2021-05-02,567,207,72,29,980,1288,106,33,73,49,14,1,158,66,223,18,5,220,64,22,13,347,96,444,37,12,49,25,8,3,115,42,157,13,4,165,54,16,10,272,82,355,30,10,60,15,12,2,21,87,109,7,2
2021-05-03,935,282,90,24,918,1215,98,32,151,60,17,4,147,62,209,16,4,316,91,29,7,321,93,414,34,11,127,35,11,4,109,41,150,13,4,268,74,29,5,260,79,338,28,10,72,22,4,4,21,81,102,7,2
2021-05-04,874,230,98,24,881,1159,96,31,155,39,12,4,140,57,197,16,4,297,72,46,8,308,89,397,34,11,102,41,11,0,103,39,142,13,3,239,56,23,6,251,73,324,26,9,81,22,6,6,20,79,99,7,3
2021-05-05,775,220,81,27,819,1074,89,30,141,54,15,8,133,54,187,15,5,242,70,25,8,283,81,364,31,10,107,22,9,4,100,34,135,12,3,222,56,26,6,231,65,296,25,9,61,18,6,1,20,72,91,6,3
2021-05-06,782,236,82,29,780,1024,85,29,133,58,10,3,130,53,183,14,4,266,87,21,10,265,79,344,28,10,100,25,16,6,93,32,125,11,4,229,57,30,8,225,62,287,25,8,54,9,5,2,18,67,84,6,3
2021-05-07,715,195,72,35,747,973,82,29,137,36,13,4,125,49,175,13,4,225,46,29,10,251,71,321,28,10,80,29,9,3,90,30,120,11,4,193,62,16,14,214,59,273,24,8,80,22,5,4,17,67,84,6,3
2021-05-08,384,145,65,24,719,935,80,27,61,28,11,1,122,46,168,13,4,121,49,25,12,241,68,309,28,10,41,16,11,4,87,28,114,11,3,123,34,16,5,206,56,262,22,8,38,18,2,2,18,64,82,6,3
2021-05-09,343,137,60,28,687,893,78,27,53,23,9,7,119,43,161,12,4,106,48,18,9,225,66,291,28,9,48,20,9,3,86,27,113,11,3,110,37,23,8,198,54,251,23,7,26,9,1,1,17,59,76,4,3
2021-05-10,655,202,70,25,647,842,75,27,130,45,18,6,116,40,156,13,5,208,65,17,8,209,62,272,26,9,89,18,9,3,81,24,105,11,3,178,62,24,7,185,52,237,23,8,50,12,2,1,16,56,71,4,2
2021-05-11,627,176,70,22,612,799,71,27,90,32,15,2,106,39,146,13,4,215,64,18,6,198,61,259,22,9,70,22,8,7,76,22,98,10,4,188,41,24,4,178,50,227,23,7,64,17,5,3,15,53,68,4,2
2021-05-12,594,166,64,19,586,765,69,26,109,28,9,1,102,36,138,12,3,196,46,25,9,191,58,249,22,9,68,30,11,2,71,23,94,10,4,154,49,15,5,168,49,217,21,7,66,13,4,2,14,54,68,3,2
2021-05-13,506,133,67,24,546,711,67,25,93,30,12,4,96,32,128,12,4,146,44,22,8,174,52,226,22,9,75,14,7,3,67,21,89,9,4,144,36,22,8,156,46,202,20,7,48,9,4,1,14,53,67,3,2
2021-05-14,487,184,69,28,514,677,66,24,77,44,16,5,88,33,120,13,4,145,47,14,9,162,52,214,20,9,58,26,10,3,64,21,85,9,4,160,50,24,10,151,44,195,21,7,46,17,5,1,14,48,62,3,2
2021-05-15,292,96,42,12,501,657,63,23,46,19,7,4,85,32,117,12,4,94,27,21,3,159,49,207,19,7,33,5,2,1,63,19,82,8,3,99,35,8,4,148,44,192,20,7,20,10,4,0,12,46,58,4,1
2021-05-16,279,130,40,17,491,647,60,21,48,22,3,1,85,31,116,11,3,99,38,18,7,158,47,205,19,7,31,16,4,3,61,19,79,7,3,83,35,14,5,144,44,188,19,6,18,19,1,1,14,45,58,4,1
2021-05-17,453,132,72,16,463,608,61,20,79,33,11,4,77,30,107,10,3,151,31,22,7,149,42,192,20,7,71,19,10,0,58,19,77,7,3,115,33,24,5,135,40,175,19,6,37,16,5,0,14,43,57,4,1
2021-05-18,415,127,52,14,432,571,58,19,71,23,10,2,75,28,103,10,3,138,47,16,5,138,40,178,20,7,60,10,6,3,57,17,74,7,2,102,37,18,4,122,39,162,18,6,44,10,2,0,13,40,53,4,1
2021-05-19,377,122,57,13,401,533,57,18,74,24,14,4,70,28,98,10,3,129,48,20,7,129,40,169,19,7,41,17,8,1,53,15,68,7,2,106,26,12,1,116,36,152,17,5,27,7,3,0,13,34,47,3,0
2021-05-20,397,94,65,15,386,512,57,16,67,23,12,2,66,27,93,10,3,134,29,31,6,127,38,165,20,6,51,16,7,4,49,16,65,7,2,111,18,12,0,111,33,144,16,4,33,8,3,3,12,32,45,3,1
2021-05-21,349,90,51,13,366,479,54,14,54,19,10,2,63,23,86,10,3,115,32,11,5,123,36,159,20,6,48,6,9,2,48,13,61,7,2,105,23,15,3,103,30,133,15,3,27,10,6,1,11,29,41,3,1
2021-05-22,233,83,38,17,358,469,54,15,35,26,6,0,61,24,85,9,2,81,24,13,5,121,36,157,19,6,28,13,4,2,47,14,61,7,2,68,17,13,8,99,27,126,15,4,21,3,2,2,10,30,40,3,1
2021-05-23,186,61,46,10,344,446,54,14,29,11,4,2,58,23,81,10,2,63,21,19,3,116,33,149,19,5,17,8,6,0,45,13,58,7,2,54,15,13,3,94,24,119,15,3,23,6,4,2,9,30,39,4,1
2021-05-24,355,122,35,10,330,430,49,13,57,20,7,0,55,21,76,9,2,105,34,9,6,109,34,143,17,5,51,16,4,1,42,12,55,6,2,95,35,14,3,92,24,116,14,3,47,17,1,0,9,32,40,3,1
2021-05-25,305,95,42,7,315,410,48,12,48,26,3,3,52,21,73,8,2,102,26,19,1,104,31,135,17,5,37,16,5,0,39,13,52,6,1,81,23,15,3,89,22,111,13,3,37,4,0,0,8,31,39,3,1
2021-05-26,249,70,33,4,296,384,44,11,44,12,4,0,48,20,67,7,1,81,21,12,1,97,27,124,16,4,40,7,3,1,39,12,51,5,1,74,24,10,1,84,22,106,13,3,10,6,4,1,8,28,36,3,1
2021-05-27,257,76,47,9,276,362,42,10,56,14,11,1,46,18,64,6,1,62,26,11,3,87,26,113,13,3,39,17,10,2,37,12,49,6,1,67,15,12,1,78,22,99,13,3,33,4,3,2,7,28,35,3,1
2021-05-28,210,54,35,12,256,337,39,10,36,10,7,1,44,17,61,6,1,67,12,16,3,80,23,104,14,3,23,6,5,2,34,12,45,5,1,66,19,6,3,72,21,93,12,3,18,7,1,3,7,27,34,2,1
2021-05-29,126,51,25,9,241,317,38,9,22,10,6,1,42,15,56,6,1,32,18,4,3,73,23,96,13,3,23,7,4,0,33,11,44,5,1,40,13,11,5,68,21,89,12,3,9,3,0,0,7,25,32,2,1
2021-05-30,118,39,27,8,231,304,35,8,25,10,4,2,41,15,56,6,1,34,8,14,5,69,21,90,12,3,16,7,5,0,33,11,44,5,1,29,11,3,1,65,20,85,10,2,14,3,1,0,6,24,30,1,1
2021-05-31,118,63,18,12,198,262,32,9,15,10,8,3,35,13,48,6,2,35,27,2,2,59,20,79,11,3,20,4,3,3,28,9,37,5,1,38,16,4,4,56,17,74,9,3,10,6,1,0,5,19,23,1,1
2021-06-01,289,66,35,12,195,255,31,9,72,21,5,1,39,12,51,6,1,59,24,14,8,53,19,72,10,4,52,4,4,2,30,7,38,5,1,76,13,10,1,56,16,72,8,2,30,4,2,0,5,18,22,2,1
2021-06-02,244,67,44,11,195,254,33,10,52,26,6,1,40,14,54,7,1,70,12,15,4,51,18,69,11,4,33,8,4,1,29,8,37,5,1,68,16,14,5,55,15,70,9,3,21,5,5,0,5,19,24,2,1
2021-06-03,206,44,29,10,187,242,30,11,45,10,0,0,38,14,52,5,1,62,9,15,4,51,16,67,11,4,24,8,3,1,27,6,34,4,1,61,9,9,3,54,14,68,8,3,14,8,2,2,5,17,22,2,1
2021-06-04,225,58,25,8,189,245,29,10,57,18,6,1,41,15,56,5,1,66,13,10,3,51,16,67,11,4,34,9,4,1,29,7,36,4,1,43,15,3,3,51,13,64,8,3,25,3,2,0,5,18,22,2,0
2021-06-05,143,52,16,6,192,247,28,10,41,13,3,0,44,15,59,5,1,44,9,3,3,53,15,67,10,4,17,9,3,0,28,7,35,4,1,29,18,4,2,49,14,63,7,3,12,3,3,1,5,18,23,2,0
2021-06-06,130,29,23,5,194,248,27,9,24,13,8,1,44,16,60,5,1,35,2,8,2,53,14,67,10,4,23,4,1,1,29,7,36,3,1,33,7,4,1,50,13,63,7,3,15,3,2,0,5,18,23,2,0
2021-06-07,222,72,32,6,208,264,29,8,57,24,8,2,50,18,68,5,1,64,17,12,0,57,12,69,11,3,32,9,1,0,31,7,38,3,1,46,17,8,4,51,14,64,7,3,19,5,3,0,4,19,24,3,0
2021-06-08,175,59,35,10,192,247,29,8,38,21,11,0,45,18,63,6,1,54,11,7,3,56,10,67,10,3,27,11,6,1,27,8,35,3,1,39,12,10,4,46,13,59,7,3,17,4,1,2,4,18,22,3,1
2021-06-09,210,49,23,9,187,239,26,8,56,11,8,1,45,16,61,6,1,57,14,9,5,55,11,65,9,3,40,8,1,0,28,8,36,3,1,40,10,4,3,42,13,54,6,3,17,6,1,0,5,17,22,2,1
2021-06-10,156,52,25,6,180,233,26,7,33,13,6,1,44,16,60,7,1,46,13,8,1,52,11,64,8,2,30,10,3,1,29,9,38,3,1,35,12,6,3,38,13,51,6,3,12,4,2,0,4,17,21,2,0
2021-06-11,187,44,22,9,175,226,25,7,40,10,5,2,41,15,56,7,1,42,7,4,2,49,10,59,7,2,38,12,5,1,30,9,39,3,1,52,11,6,4,39,12,52,6,3,15,4,2,0,4,15,19,2,0
2021-06-12,121,35,21,4,172,220,26,7,25,10,6,2,39,15,54,7,1,28,6,4,1,47,10,57,7,2,14,9,3,1,29,9,38,3,1,39,5,6,0,41,11,51,6,3,15,5,2,0,4,16,20,2,0
2021-06-13,114,45,31,6,169,220,27,7,18,12,4,2,38,14,53,7,1,35,14,12,1,47,12,58,8,2,19,4,2,2,29,9,38,3,1,30,10,10,1,40,11,51,7,3,12,5,3,0,5,15,20,2,0
2021-06-14,179,51,26,8,163,211,26,7,35,13,6,1,35,13,48,7,1,54,19,12,4,45,12,57,8,2,29,8,2,1,28,9,37,3,1,49,6,5,1,41,9,50,7,2,12,5,1,1,5,14,19,2,0
2021-06-15,179,36,25,6,164,208,25,7,30,2,8,0,34,10,44,6,1,37,17,8,3,43,13,56,8,2,36,9,1,1,29,9,38,2,1,57,6,4,1,43,9,52,6,2,19,2,4,1,4,15,19,2,0
2021-06-16,172,55,25,7,158,204,25,7,29,12,6,1,30,10,40,6,1,46,13,5,2,41,13,54,8,2,30,14,5,4,28,9,37,3,2,41,11,7,0,43,9,52,6,1,26,5,2,0,4,16,20,2,0
2021-06-17,187,46,28,10,163,207,25,7,36,6,9,3,30,9,40,6,2,51,20,9,4,42,14,56,8,2,26,5,2,2,27,9,36,3,2,51,12,7,1,46,9,54,6,1,23,3,1,0,4,17,22,2,0
2021-06-18,160,30,19,8,159,201,25,7,19,6,2,1,27,9,36,6,1,59,4,7,3,44,13,58,8,3,15,4,4,1,24,8,32,3,2,47,5,5,1,45,8,53,6,1,20,11,1,2,5,18,23,2,1
2021-06-19,107,42,13,11,157,200,24,8,18,13,4,0,26,9,36,6,1,29,6,2,3,44,13,58,8,3,22,9,1,1,25,8,33,2,2,24,10,3,5,43,9,51,6,1,14,4,3,2,5,18,23,2,1
2021-06-20,95,40,25,5,154,197,23,8,15,7,4,0,26,8,34,6,1,33,12,10,4,44,13,57,8,3,14,7,2,0,25,8,33,2,1,24,9,7,1,42,8,50,5,1,9,5,2,0,5,18,23,2,1
2021-06-21,168,57,30,3,153,196,24,7,27,9,7,1,25,8,33,6,1,40,13,9,0,42,12,54,7,3,25,8,4,0,24,8,32,3,1,50,10,5,2,42,9,51,5,2,26,17,5,0,7,20,26,3,1
2021-06-22,171,45,34,8,151,196,25,7,22,5,3,1,24,8,32,5,1,50,12,7,2,44,11,55,7,3,33,10,3,2,24,8,32,3,1,49,11,14,3,41,10,51,7,2,17,7,7,0,7,19,27,3,1
2021-06-23,187,42,24,5,154,197,25,7,27,8,3,1,23,8,31,5,1,48,10,11,1,44,11,55,8,2,39,9,3,0,25,7,32,3,1,48,11,6,3,42,10,52,7,2,24,4,1,0,7,19,26,3,1
2021-06-24,175,57,14,5,152,197,23,6,18,10,1,1,21,8,29,3,1,51,16,8,3,44,10,55,8,2,30,9,1,0,25,8,33,3,1,47,17,2,1,41,10,52,6,2,29,5,2,0,8,20,27,3,1
2021-06-25,180,44,18,5,155,201,23,6,12,13,4,1,20,9,29,4,1,61,9,8,2,45,11,56,8,2,28,11,2,1,27,9,36,2,1,55,8,4,0,42,11,53,6,2,24,3,0,1,6,20,27,3,0
2021-06-26,118,44,18,3,156,203,23,5,11,10,4,0,19,9,28,4,1,37,15,7,2,46,12,58,9,2,15,10,2,1,26,9,35,2,1,31,6,2,0,43,10,54,6,1,24,3,3,0,6,22,28,3,0
2021-06-27,109,38,22,1,158,205,23,4,17,4,3,0,19,8,28,4,1,28,9,6,0,45,12,57,8,1,19,7,3,0,27,9,36,3,1,23,10,10,1,43,10,54,6,1,22,8,0,0,7,24,30,3,0
2021-06-28,206,80,27,6,164,214,22,5,29,15,3,0,19,9,29,3,1,49,17,8,1,46,13,59,8,2,45,18,5,1,30,11,40,3,1,53,21,8,2,44,12,56,7,1,30,9,3,2,6,24,30,2,0
2021-06-29,212,53,21,4,170,221,21,4,32,5,1,1,21,9,30,3,1,52,17,8,2,47,13,60,8,2,42,7,4,0,31,10,41,3,0,51,17,8,1,44,13,57,6,1,35,7,0,0,6,27,32,1,0
2021-06-30,226,85,20,4,175,232,20,4,30,14,3,0,21,10,31,3,0,75,20,6,2,50,15,65,7,2,43,24,4,1,32,12,44,3,1,51,17,6,1,44,14,58,6,1,27,10,1,0,6,27,34,1,0
2021-07-01,204,43,31,4,179,235,22,4,27,5,3,0,23,9,32,3,0,63,11,10,2,52,14,66,8,2,29,9,3,0,32,12,44,3,1,52,14,7,2,45,13,58,6,1,33,4,8,0,6,28,34,2,0
2021-07-02,233,66,37,7,187,245,25,4,33,12,6,1,26,9,35,3,0,60,23,13,1,52,16,68,8,1,61,14,5,1,36,13,49,4,1,58,13,8,4,46,14,60,7,2,21,4,5,0,6,27,34,3,0
2021-07-03,146,57,22,6,191,251,26,5,18,9,3,1,27,9,36,3,0,41,15,5,2,53,16,69,8,1,29,18,5,1,38,14,52,4,1,33,12,5,2,46,15,61,7,2,25,3,4,0,6,28,34,3,0
2021-07-04,124,48,24,3,193,255,26,5,14,5,1,0,26,9,35,3,0,32,16,9,2,53,17,70,8,2,25,11,5,0,39,14,54,4,1,34,16,7,1,47,16,63,7,2,19,0,2,0,5,27,32,3,0
2021-07-05,187,65,16,2,190,250,24,4,20,8,3,1,25,8,33,3,1,62,10,5,0,55,16,71,8,2,32,19,3,0,37,15,52,4,0,53,24,4,1,47,16,64,6,2,20,4,1,0,5,26,30,3,0
2021-07-06,364,111,24,3,212,280,25,4,48,21,3,2,27,11,38,3,1,125,30,8,1,65,18,83,8,1,77,20,3,0,42,16,59,4,0,80,34,5,0,52,19,70,6,2,32,6,5,0,4,25,30,4,0
2021-07-07,402,106,23,2,237,308,25,4,49,18,2,2,30,11,41,3,1,147,27,9,0,76,19,95,8,1,72,21,3,0,46,16,62,4,0,88,35,7,0,57,21,78,6,1,44,5,2,0,4,28,31,4,0
2021-07-08,369,123,23,2,261,343,24,4,50,23,4,1,33,14,47,3,1,110,37,8,0,82,23,105,8,1,80,27,3,1,54,19,72,4,0,81,23,5,0,61,22,83,6,1,46,13,3,0,5,30,35,3,0
2021-07-09,371,121,35,2,280,371,24,3,56,18,5,0,36,15,51,3,1,111,34,8,1,90,24,114,7,1,84,32,7,0,57,21,78,4,0,88,24,13,0,65,24,89,7,1,32,13,2,1,6,31,37,3,0
2021-07-10,238,118,20,2,294,392,24,2,37,18,2,0,39,16,55,3,1,63,32,6,1,93,27,119,8,1,49,33,3,0,60,23,83,4,0,59,29,9,1,69,26,95,7,0,30,6,0,0,7,32,39,2,0
2021-07-11,272,110,28,4,315,422,24,2,33,14,8,1,42,17,59,4,1,79,31,6,2,100,29,128,7,1,53,30,2,0,64,26,90,3,0,78,30,11,0,75,28,104,8,0,25,5,1,1,7,33,40,2,0
2021-07-12,477,169,24,5,356,479,25,3,69,27,7,1,49,20,69,4,1,176,47,10,0,116,34,150,8,1,86,47,2,0,72,30,102,3,0,110,43,5,4,83,31,115,8,1,35,5,0,0,8,35,42,2,0
2021-07-13,457,192,27,3,369,504,26,3,43,32,6,2,48,21,70,5,1,152,62,7,1,120,39,158,8,1,101,55,3,0,75,35,110,3,0,97,36,8,0,86,31,117,8,1,64,7,3,0,8,39,47,2,0
2021-07-14,549,202,47,2,390,538,29,3,59,33,11,0,50,24,73,6,1,185,73,13,2,125,45,170,8,1,143,49,7,0,85,39,124,4,0,115,34,14,0,90,31,121,9,1,46,13,2,0,9,40,49,2,0
2021-07-15,552,232,28,5,417,580,30,3,71,39,2,0,53,26,78,6,1,171,64,9,1,134,49,183,8,1,128,63,6,0,92,44,136,4,0,128,49,9,3,96,35,131,10,1,54,17,2,1,9,41,50,1,0
2021-07-16,557,184,38,5,443,616,30,4,73,38,7,0,55,29,84,6,1,183,46,17,0,144,51,195,10,1,121,55,3,2,97,47,145,4,0,117,38,10,2,101,37,138,9,1,61,7,1,1,9,45,54,1,0
2021-07-17,340,149,39,7,458,635,33,4,59,24,11,3,58,30,88,7,1,109,45,8,0,151,53,203,10,1,60,38,5,1,99,48,147,4,0,77,38,9,3,103,38,141,9,2,35,4,6,0,8,46,54,2,0
2021-07-18,395,196,39,3,475,664,35,4,36,26,6,1,59,31,90,7,1,141,80,19,1,160,60,219,12,1,83,44,4,0,103,50,153,4,0,106,42,6,1,107,40,147,9,2,29,4,4,0,8,46,54,3,0
2021-07-19,813,298,55,4,523,731,39,4,110,54,9,0,64,35,100,7,1,276,89,19,3,174,66,239,13,1,176,71,8,0,116,54,170,5,0,171,65,16,1,116,43,159,10,1,78,19,3,0,10,52,63,3,0
2021-07-20,708,230,54,4,559,772,43,4,94,29,7,1,72,35,106,8,1,231,72,21,2,185,67,252,15,1,162,58,8,0,125,54,179,6,0,146,52,14,1,123,45,168,11,2,74,19,4,0,12,54,66,3,0
2021-07-21,893,254,48,2,608,829,43,4,128,29,9,0,82,34,116,7,1,307,73,13,0,203,67,270,15,1,198,74,6,0,133,58,190,6,0,197,58,15,1,135,49,183,11,2,63,20,5,1,13,56,69,4,0
2021-07-22,977,321,53,3,669,902,47,4,136,44,15,0,91,35,126,9,1,327,85,17,0,225,70,295,16,1,226,84,6,1,147,61,207,6,1,196,76,11,1,144,53,197,12,1,88,32,4,1,15,61,76,4,0
2021-07-23,916,295,53,4,720,969,49,4,126,42,9,0,98,35,134,9,1,319,88,18,1,244,76,320,16,1,200,82,6,2,158,64,222,6,1,214,64,15,1,158,56,215,12,1,55,19,5,0,17,60,77,4,0
2021-07-24,552,255,41,2,751,1015,49,3,58,47,5,0,98,39,137,9,0,188,84,13,2,256,82,337,17,1,111,56,7,0,165,67,232,6,0,141,46,11,0,167,58,225,13,1,54,22,5,0,19,63,82,4,0
2021-07-25,635,280,41,4,785,1061,49,3,68,44,8,0,103,41,144,9,0,214,87,10,0,266,83,349,16,1,118,68,7,1,170,70,241,7,1,168,59,12,1,176,60,236,13,1,67,22,4,2,22,68,90,4,1
2021-07-26,1223,391,63,2,843,1133,50,3,155,82,8,0,109,45,155,9,0,420,103,21,0,287,85,371,16,1,261,88,12,1,182,73,255,7,1,273,80,18,0,191,62,253,14,1,113,38,4,1,25,73,98,4,1
2021-07-27,1200,371,71,5,914,1223,53,3,141,64,16,1,116,50,166,10,0,406,115,23,1,312,91,402,16,1,253,92,7,1,195,78,273,7,1,296,84,18,1,212,67,279,14,1,103,16,7,1,24,78,102,5,1
2021-07-28,1244,443,77,6,964,1300,57,4,188,94,13,2,125,60,184,11,0,385,135,15,1,323,100,422,17,1,275,77,14,2,206,78,284,8,1,286,111,32,1,225,74,299,17,1,108,26,3,0,25,84,109,5,1
2021-07-29,1289,388,76,7,1008,1355,60,4,173,62,10,0,130,62,192,10,0,444,129,21,1,339,106,445,17,1,234,75,14,2,207,77,284,10,1,318,88,18,4,242,76,318,18,1,119,34,13,0,25,88,114,6,1
2021-07-30,1279,377,78,9,1060,1418,64,5,160,59,18,1,135,65,199,11,1,427,119,19,4,355,110,465,17,1,251,69,11,2,215,75,290,10,1,318,96,27,2,257,81,338,19,1,123,34,3,0,27,98,126,6,1
2021-07-31,849,324,71,5,1103,1470,68,5,126,65,8,0,144,67,212,12,1,263,89,29,4,366,111,477,20,2,152,54,7,1,221,75,295,10,1,214,102,20,0,268,89,356,21,1,94,14,7,0,26,104,130,6,1
2021-08-01,830,326,50,12,1131,1505,69,7,92,63,10,0,148,70,218,12,1,294,80,17,2,377,110,487,21,2,151,62,5,2,225,74,299,10,2,220,96,15,5,275,94,369,21,2,73,25,3,3,27,105,131,6,1
2021-08-02,1569,452,74,4,1180,1563,71,7,237,92,8,0,160,71,231,12,1,518,119,25,2,391,112,503,21,2,303,106,9,1,231,76,308,10,2,388,105,26,1,291,97,389,22,2,122,30,6,0,26,106,132,6,1
2021-08-03,1583,457,100,2,1235,1630,75,6,232,77,18,1,173,73,246,12,1,489,124,28,0,403,114,516,22,2,344,104,10,1,244,78,322,10,2,364,122,31,0,301,103,404,24,2,153,30,13,0,28,113,141,7,0
2021-08-04,1612,424,89,8,1287,1680,77,7,214,71,12,1,176,70,246,12,0,521,134,37,5,422,113,536,25,3,329,83,9,0,252,79,331,9,1,382,110,18,1,315,103,418,22,2,165,26,13,1,28,121,149,8,1
2021-08-05,1525,517,89,7,1321,1732,79,7,208,90,20,1,181,74,255,13,1,516,188,23,2,433,122,554,25,3,322,95,19,1,265,82,346,10,1,365,110,24,2,322,106,427,23,2,114,34,3,1,28,121,148,7,1
2021-08-06,1577,416,113,11,1364,1780,84,7,210,79,18,0,188,77,265,13,0,520,120,40,5,446,122,568,28,3,286,71,16,3,270,82,352,11,1,418,115,28,2,336,109,444,23,2,141,31,11,1,27,123,150,8,1
2021-08-07,1148,332,85,14,1406,1824,86,8,179,60,17,2,196,76,272,15,1,372,106,27,5,461,124,586,28,3,179,47,12,2,273,81,355,11,1,293,92,21,3,347,107,454,23,2,125,27,8,2,29,128,157,8,1
2021-08-08,1072,332,99,6,1441,1859,93,7,156,51,19,1,205,74,279,16,1,321,99,25,2,465,127,592,29,3,162,59,16,0,275,81,356,13,1,301,99,29,1,359,108,466,25,1,131,24,10,2,29,136,165,9,1
2021-08-09,1892,445,130,10,1487,1905,101,8,290,84,29,0,213,73,286,19,1,626,121,45,3,481,127,608,32,3,308,75,15,3,276,76,352,14,1,494,127,41,4,374,111,485,27,2,173,38,0,0,30,143,173,8,1
2021-08-10,1667,441,121,6,1499,1914,104,9,265,84,37,0,217,74,292,22,1,537,135,33,4,488,129,617,33,4,306,71,16,1,270,72,342,15,1,407,129,29,0,380,112,492,27,2,152,22,6,1,29,143,172,7,1
2021-08-11,1752,273,135,10,1519,1913,110,9,262,45,28,2,224,70,295,24,1,545,79,40,2,491,121,612,33,3,354,50,12,3,274,67,341,15,2,438,78,37,3,388,107,495,30,2,151,21,18,0,28,141,169,8,1
2021-08-12,1757,356,123,6,1552,1923,115,9,232,66,21,2,228,67,295,24,1,577,99,36,1,500,108,608,35,3,324,77,19,3,274,64,338,15,2,451,92,32,0,400,105,505,31,2,172,22,15,0,26,149,176,10,1
2021-08-13,1599,448,140,9,1555,1931,119,9,266,93,30,2,236,69,305,26,1,499,130,48,3,497,110,607,36,3,294,77,15,1,275,65,340,15,2,394,124,40,3,397,106,503,33,2,144,24,7,0,25,150,175,9,1
2021-08-14,1049,313,94,10,1541,1914,120,8,146,59,18,1,231,69,300,26,1,348,94,29,4,493,108,601,37,3,206,62,11,1,279,67,346,15,2,253,71,20,3,391,103,494,33,2,96,27,16,1,25,146,171,10,1
2021-08-15,1143,321,112,7,1551,1922,122,8,141,55,15,1,229,69,298,25,1,419,93,40,3,507,107,615,39,3,198,56,24,1,284,67,351,16,2,304,81,25,1,392,100,492,32,2,81,36,8,1,27,138,166,10,0
2021-08-16,1929,508,135,6,1557,1937,123,8,329,120,27,1,234,75,309,25,1,627,141,44,2,507,110,618,39,3,352,78,15,1,291,67,358,16,2,478,120,42,0,389,99,489,32,1,143,49,7,2,29,134,163,11,1
2021-08-18,1814,456,108,14,1576,1982,121,10,273,86,24,1,240,80,320,24,2,555,134,32,4,517,118,635,39,3,362,92,16,0,291,76,366,17,1,460,112,24,6,394,101,494,31,2,163,32,12,3,32,133,165,11,1
2021-08-19,1692,437,98,14,1567,1984,118,11,264,90,19,2,245,83,328,23,2,543,120,30,7,512,121,633,38,4,324,90,13,1,291,77,368,16,1,419,104,25,2,389,102,492,30,3,136,33,10,2,34,128,162,10,1
2021-08-20,1559,388,123,7,1561,1970,115,11,284,87,35,0,248,82,330,24,2,505,104,34,4,513,117,630,36,4,296,73,18,0,291,77,368,16,1,347,91,25,3,383,98,480,28,3,125,33,11,0,35,125,160,11,1
2021-08-21,1090,314,113,16,1567,1976,118,11,180,78,26,1,252,85,337,25,2,337,74,34,7,511,114,626,36,4,183,64,17,1,288,77,365,17,1,272,75,32,7,385,98,483,30,3,118,23,4,0,34,128,163,9,1
2021-08-22,719,208,105,11,1506,1899,117,12,104,46,23,3,247,84,331,26,2,276,48,32,6,491,108,599,35,5,98,50,16,0,274,76,350,16,1,156,49,28,0,364,94,458,30,3,85,15,6,2,31,129,160,9,1
2021-08-23,1951,460,119,12,1509,1895,115,13,288,97,34,1,241,80,322,27,2,642,138,31,5,493,107,601,33,5,368,102,19,0,276,80,356,17,1,492,100,28,5,366,91,457,28,4,161,23,7,1,28,132,159,9,1
2021-08-24,1837,418,109,11,1523,1906,111,12,300,83,18,2,242,81,323,26,1,613,132,39,4,496,107,603,33,5,349,101,15,1,283,82,365,16,0,405,81,32,2,364,87,452,28,4,168,21,5,2,26,137,162,8,1
2021-08-25,1784,445,110,8,1519,1900,111,11,286,71,25,3,244,79,323,26,2,568,152,32,4,498,110,607,33,5,371,98,19,1,284,83,367,17,1,385,98,30,0,354,85,439,29,3,170,26,4,0,25,138,162,7,1
2021-08-26,1643,423,109,15,1512,1891,113,11,252,71,25,3,242,76,318,27,2,525,134,34,5,495,112,607,34,5,325,104,11,2,284,85,369,16,1,388,77,31,2,349,82,431,29,3,150,37,8,3,25,140,165,6,1
2021-08-27,1448,395,110,11,1496,1876,111,12,242,87,27,0,236,76,312,25,2,462,120,36,5,489,114,603,34,5,266,61,13,2,280,83,363,16,1,345,96,25,4,349,82,431,29,3,133,31,9,0,25,141,166,6,1
2021-08-28,988,316,87,14,1481,1862,107,12,173,67,13,1,235,75,310,24,2,296,84,26,7,483,115,599,33,5,154,66,14,1,276,83,359,15,1,252,74,30,4,346,82,428,29,2,112,25,3,1,25,140,165,6,1
2021-08-29,989,250,96,14,1520,1907,106,12,138,50,26,2,240,75,315,24,2,341,74,29,8,492,119,612,32,5,162,42,11,0,285,82,367,15,1,257,65,22,3,361,84,445,28,3,91,19,8,1,26,141,167,6,1
2021-08-30,1835,443,121,14,1503,1888,106,12,304,90,31,1,242,74,316,24,2,582,135,37,5,484,119,603,33,5,373,94,13,1,286,81,367,14,1,392,85,32,6,346,82,429,29,3,182,39,8,1,28,144,172,6,1
2021-08-31,1621,371,125,11,1473,1850,108,12,260,85,29,1,236,74,311,25,2,530,99,35,4,472,114,586,33,5,304,85,25,2,279,79,358,15,1,326,71,24,2,335,81,416,28,3,201,31,12,2,30,148,178,7,1
2021-09-01,1556,334,127,13,1440,1802,111,13,222,81,28,3,227,76,303,26,2,487,111,32,2,460,108,569,33,5,349,68,21,2,276,74,350,15,1,359,59,37,6,331,75,407,29,4,139,15,9,0,28,144,172,8,1
2021-09-02,1430,334,95,13,1410,1759,109,13,211,80,31,2,221,77,299,26,1,477,91,23,5,454,102,556,31,5,263,63,6,3,267,68,336,15,2,304,73,24,3,319,75,394,28,4,174,27,11,0,27,147,174,9,1
2021-09-03,1421,330,80,8,1406,1745,104,12,216,69,17,3,218,75,292,25,2,428,111,26,3,449,101,549,30,5,248,55,11,1,265,68,332,14,1,331,71,22,0,317,71,388,27,3,197,24,4,1,26,157,182,8,1
2021-09-04,905,256,110,14,1394,1725,108,12,126,47,22,4,211,72,283,26,2,255,79,37,4,443,100,543,31,4,154,49,13,1,265,65,330,14,1,260,60,32,3,318,69,388,28,3,110,21,6,2,25,156,181,8,1
2021-09-05,954,262,73,15,1389,1722,104,13,138,47,16,3,211,71,282,25,2,334,94,24,4,442,103,545,31,4,158,48,10,3,264,66,330,14,2,214,52,16,4,312,67,380,27,3,110,21,7,1,25,159,184,8,1
2021-09-06,942,268,78,17,1261,1569,98,13,163,55,18,5,191,66,257,23,3,274,91,23,7,398,97,494,29,4,181,39,10,0,237,58,295,14,2,226,58,21,4,289,63,352,25,3,98,25,6,1,23,147,170,8,1
2021-09-07,1570,375,110,7,1254,1562,96,12,285,87,18,4,194,67,261,21,3,433,108,33,2,384,98,482,28,4,307,67,25,0,237,56,293,14,1,372,81,27,1,295,65,360,26,3,171,32,7,0,24,143,166,7,1
2021-09-08,1592,387,100,20,1259,1575,92,13,234,60,22,1,196,64,260,21,3,465,104,29,8,381,97,478,28,5,371,104,21,3,240,61,301,14,2,390,90,25,6,300,69,369,24,3,131,29,3,2,26,142,167,6,1
2021-09-09,1713,389,103,19,1300,1623,93,14,241,58,38,3,200,60,261,22,3,630,103,27,4,403,99,501,28,5,313,114,11,3,247,68,315,14,2,400,94,19,8,313,72,386,23,4,129,20,8,1,25,135,160,6,1
2021-09-10,1548,412,99,15,1318,1653,96,15,232,91,26,2,203,64,266,23,3,504,119,29,6,414,100,513,29,5,302,90,11,1,255,73,328,14,2,378,82,27,6,320,74,394,24,5,131,30,6,0,25,126,151,6,1
2021-09-11,1037,320,84,15,1337,1681,92,15,139,60,13,1,205,65,270,22,3,335,116,29,8,425,105,530,28,6,171,54,12,0,258,74,331,14,1,287,74,22,5,324,76,400,22,5,104,16,8,1,25,125,150,6,1
2021-09-12,1212,343,90,11,1373,1730,95,15,127,68,14,3,203,68,271,21,3,504,137,30,2,449,111,560,29,5,222,57,14,2,267,75,342,15,1,257,63,26,3,330,77,407,24,5,102,18,6,1,24,124,148,6,1
2021-09-13,1739,439,104,13,1487,1868,99,14,223,71,15,4,212,71,282,21,3,633,161,35,4,501,121,622,30,5,369,84,24,1,294,81,375,17,1,391,90,21,2,354,82,436,24,4,122,33,9,2,25,127,153,7,1
2021-09-14,1641,433,84,9,1497,1886,95,15,201,73,12,1,200,69,268,20,2,608,138,30,6,526,125,651,30,5,311,93,20,1,294,85,379,16,2,372,90,16,1,354,83,437,22,4,147,39,6,0,26,124,150,7,1
2021-09-15,1609,453,95,10,1500,1898,94,13,234,73,13,0,200,71,270,19,2,549,143,35,5,538,131,669,31,5,320,72,7,0,287,81,367,14,1,351,126,29,4,348,88,436,23,4,153,39,11,1,28,127,155,8,1
2021-09-16,1387,423,86,12,1453,1857,92,12,193,74,21,2,193,73,266,16,2,451,126,20,3,512,134,646,30,5,284,81,11,2,283,76,359,14,1,322,106,27,4,337,90,427,24,4,135,36,7,1,30,128,158,8,1
2021-09-17,1524,436,90,11,1450,1857,90,12,174,83,12,2,184,72,256,14,2,559,122,28,6,520,135,655,30,5,322,96,19,1,286,77,362,15,1,365,102,26,1,335,93,428,24,3,104,33,5,1,31,124,154,7,1
2021-09-18,956,339,89,11,1438,1848,91,11,107,60,17,2,180,72,252,15,2,357,106,29,1,523,133,656,30,4,138,48,17,1,281,76,357,16,1,264,95,22,7,332,96,428,24,3,89,30,3,0,33,122,154,7,1
2021-09-19,1058,441,69,17,1416,1840,88,12,140,83,8,2,182,74,256,14,2,464,139,25,9,517,134,651,29,5,162,67,13,1,272,77,350,16,1,213,117,14,5,325,104,429,22,3,79,35,9,0,35,118,153,7,1
2021-09-20,1636,495,99,15,1402,1833,87,12,243,113,25,2,185,80,264,15,2,543,124,28,7,504,128,633,28,5,295,86,19,2,262,78,339,15,1,403,137,19,3,327,110,438,22,4,150,35,8,1,35,122,158,7,1
2021-09-21,1302,452,84,14,1353,1787,87,13,201,93,18,1,185,83,267,16,2,397,134,25,4,474,128,602,27,5,284,85,14,2,258,76,334,14,1,324,117,22,7,320,114,435,23,4,95,23,5,0,33,115,148,7,1
2021-09-22,1415,448,98,16,1325,1759,88,14,205,98,19,2,180,86,267,17,2,509,126,35,6,469,125,594,27,5,280,65,14,1,252,75,328,15,1,307,120,24,5,314,113,427,22,5,111,39,5,2,33,109,142,6,1
2021-09-23,1290,465,98,11,1312,1751,90,14,139,91,16,2,173,89,261,16,2,511,151,42,2,477,129,606,30,5,223,80,11,1,243,75,319,15,1,324,117,20,5,314,115,429,21,5,90,26,9,1,32,103,134,6,1
2021-09-24,1222,436,81,10,1268,1708,88,13,156,99,9,5,170,91,261,16,2,452,129,35,3,462,130,592,31,5,238,59,11,0,231,70,301,14,1,295,119,24,2,304,117,422,21,5,80,30,2,0,31,99,130,6,1
2021-09-25,814,322,70,16,1248,1685,86,14,100,72,15,3,169,93,262,16,2,309,100,25,6,455,129,584,31,5,131,50,5,1,230,70,301,12,1,191,82,21,5,294,116,409,21,5,82,18,4,1,29,98,128,6,1
2021-09-26,856,347,55,15,1219,1643,84,14,97,65,10,3,163,90,253,16,3,333,112,21,5,436,125,561,30,5,139,54,7,0,227,68,296,12,1,201,93,13,3,292,112,404,20,4,86,23,4,4,28,99,127,5,1
2021-09-27,1363,406,75,17,1180,1591,80,14,185,98,16,5,155,88,243,15,3,517,117,29,4,433,124,557,30,4,254,69,7,3,221,66,287,10,1,296,105,19,5,277,108,384,20,5,110,17,4,0,25,93,119,5,1
2021-09-28,1117,395,68,14,1154,1557,78,14,158,100,11,2,149,89,238,14,3,355,103,20,6,427,120,546,30,5,211,58,10,2,211,62,273,9,1,296,107,22,4,273,106,379,20,4,97,27,5,0,26,94,119,5,1
2021-09-29,1096,407,66,15,1108,1505,73,14,149,87,16,1,141,87,228,13,3,369,116,24,3,407,118,525,28,4,211,67,8,1,201,62,263,8,1,269,106,13,8,267,104,372,19,5,96,31,4,2,25,92,116,5,1
2021-09-30,1126,411,65,8,1085,1474,69,14,150,86,13,0,142,87,229,13,3,454,138,22,3,398,116,515,25,4,200,61,7,0,198,60,257,8,1,239,96,17,4,255,101,356,18,4,82,30,6,1,25,90,116,4,1
2021-10-01,1086,409,87,8,1065,1451,69,13,134,77,17,1,139,84,223,14,2,407,126,29,2,392,116,508,24,4,213,70,8,1,194,61,255,7,1,256,110,31,3,250,100,350,19,5,76,26,2,1,25,90,114,4,1
2021-10-02,678,277,66,12,1046,1425,69,13,75,46,18,2,135,80,215,14,2,279,94,19,4,388,115,503,23,4,121,44,5,0,193,60,253,7,1,155,75,20,6,245,99,343,19,5,48,18,4,0,25,85,110,4,1
2021-10-03,907,279,65,12,1053,1422,70,12,67,44,11,3,131,77,208,15,2,458,99,28,4,406,113,519,24,4,95,47,9,3,186,59,246,8,1,217,69,15,2,247,95,342,20,5,69,19,2,0,24,83,107,4,1
2021-10-04,1272,415,77,13,1040,1411,71,12,158,86,16,5,127,75,202,15,2,512,120,30,3,405,114,519,25,4,221,65,9,1,182,59,241,8,1,293,111,19,3,246,96,343,20,4,88,33,3,1,26,79,106,4,1
2021-10-05,1270,349,71,6,1062,1426,71,11,167,60,10,1,129,69,198,14,2,507,125,29,1,427,117,543,26,3,224,62,14,0,184,59,243,9,1,267,82,14,3,242,93,335,18,4,105,20,4,1,25,81,106,4,1
2021-10-06,1146,335,65,17,1069,1423,71,11,137,56,12,5,127,65,192,14,2,487,104,13,6,443,115,559,24,3,219,68,11,2,185,60,244,9,1,229,87,22,2,237,90,327,20,3,74,20,7,2,24,77,101,4,1
2021-10-07,1080,361,62,13,1063,1409,70,12,121,55,15,3,123,61,183,14,3,407,109,13,2,437,111,548,23,3,181,75,8,3,182,62,244,9,1,272,98,20,4,241,90,332,20,3,98,24,6,1,23,80,103,4,1
2021-10-08,1011,343,47,16,1052,1389,65,13,126,53,8,0,122,57,179,13,3,450,105,15,8,443,108,551,21,4,167,57,11,2,175,60,235,10,2,190,107,10,5,232,90,322,17,4,77,21,3,1,22,80,102,4,1
2021-10-09,610,241,67,8,1042,1374,65,12,67,42,14,0,120,57,177,12,2,250,93,26,3,439,108,547,22,4,95,43,10,1,172,60,231,10,2,143,47,13,4,230,86,316,16,3,55,16,4,0,22,81,103,4,1
2021-10-10,687,224,52,17,1011,1335,63,13,62,39,11,1,120,56,176,12,2,308,82,20,5,417,105,523,21,4,94,40,7,3,172,59,230,10,2,150,47,7,4,221,83,303,15,4,72,16,7,4,21,81,103,5,1
2021-10-11,935,308,55,9,963,1271,60,12,108,65,9,1,113,53,165,11,2,363,95,16,1,396,102,498,19,4,173,54,10,0,165,57,222,10,2,224,77,15,6,211,78,289,14,4,67,17,5,1,19,78,97,5,1
2021-10-12,1147,287,52,4,945,1245,57,12,129,42,7,0,107,50,157,11,1,465,108,14,1,390,99,489,17,4,201,51,9,0,161,55,217,9,2,239,70,18,2,207,76,283,15,4,112,16,4,1,19,79,98,5,1
2021-10-13,1110,273,77,9,940,1231,59,11,122,51,14,1,105,50,155,11,1,409,99,27,2,379,99,478,19,3,227,46,14,0,163,52,215,10,1,237,50,14,5,208,71,279,14,4,114,27,8,1,20,85,105,5,1
2021-10-14,1024,293,50,8,932,1213,57,10,109,59,11,0,103,50,153,11,0,426,108,12,2,382,99,480,19,3,174,44,8,1,162,48,209,10,1,203,65,17,4,198,66,264,13,4,111,17,2,1,19,87,105,5,1
2021-10-15,884,234,61,9,914,1180,59,9,110,37,11,2,101,48,149,11,1,322,81,12,3,363,95,458,18,2,164,27,14,0,161,44,205,10,1,207,67,20,4,200,60,261,15,4,81,22,4,0,19,87,106,5,1
2021-10-16,488,193,57,6,896,1155,58,9,56,21,10,0,99,45,144,10,1,194,78,20,4,355,93,448,17,3,55,33,5,0,155,42,198,10,1,136,44,16,1,199,60,259,15,4,47,17,6,1,19,86,105,5,1
2021-10-17,586,205,49,11,882,1138,57,8,49,39,2,2,98,45,142,9,1,260,75,28,4,348,92,440,18,2,80,31,8,1,153,41,194,10,0,131,47,9,4,197,60,257,16,4,66,13,2,0,18,85,104,4,1
2021-10-18,872,299,59,13,873,1128,58,9,108,51,10,2,98,43,140,9,1,362,101,20,6,348,93,441,19,3,142,54,2,1,149,41,190,9,0,179,65,18,3,190,58,249,16,3,80,28,9,1,20,87,107,5,1
2021-10-19,796,204,50,11,823,1066,58,10,93,41,11,1,92,43,135,10,1,313,74,17,3,327,88,415,19,3,136,32,8,3,140,38,178,8,1,171,42,11,3,181,54,235,15,3,83,15,3,1,20,83,103,5,1
2021-10-20,797,208,51,7,778,1012,54,9,96,29,8,1,89,40,128,9,1,294,79,19,3,310,85,395,18,4,157,40,8,1,130,37,167,8,1,175,53,9,2,172,55,226,14,3,75,7,7,0,17,78,95,5,1
2021-10-21,810,196,51,15,748,967,54,10,85,44,6,2,85,37,123,8,1,341,67,18,5,298,79,377,19,4,131,38,3,1,124,36,160,7,1,166,35,18,6,166,50,217,14,3,87,12,6,1,16,74,90,5,1
2021-10-22,693,228,46,10,720,939,52,10,86,51,12,2,82,39,121,8,1,260,70,16,2,289,78,367,20,4,131,41,5,1,119,38,157,6,1,139,54,10,3,157,49,205,13,3,76,12,3,2,15,73,88,5,1
2021-10-23,451,143,44,10,715,927,50,11,55,25,7,1,82,40,122,8,2,162,50,15,4,285,74,358,19,4,94,24,6,0,124,37,162,6,1,79,31,10,5,149,47,195,12,4,61,13,6,0,14,75,90,5,1
2021-10-24,444,149,44,14,695,899,49,11,37,32,8,3,80,39,119,9,2,198,51,16,4,276,70,346,17,4,68,23,7,0,123,36,159,6,1,83,31,9,4,142,44,186,12,4,57,12,4,3,14,74,88,5,1
2021-10-25,898,239,35,9,698,894,46,11,94,56,5,2,78,40,118,8,2,364,84,13,5,276,68,344,16,4,169,45,4,0,127,35,161,6,1,187,44,11,2,143,41,184,11,4,82,10,2,0,12,74,86,4,1
2021-10-26,594,150,43,7,670,857,45,10,63,23,6,2,74,37,111,7,2,237,52,19,2,265,65,330,17,4,100,31,4,1,121,35,156,5,1,125,33,9,2,136,40,176,11,3,69,11,5,0,11,72,83,5,1
2021-10-27,759,211,49,10,664,852,45,11,100,43,8,0,74,39,113,7,2,288,59,18,6,264,62,326,16,4,146,49,7,1,120,36,156,5,1,154,49,14,3,133,40,173,12,4,71,11,2,0,12,72,83,4,1
2021-10-28,737,193,38,7,654,841,43,10,82,36,8,1,74,38,112,8,2,311,73,11,2,260,63,323,15,4,121,39,10,1,118,36,154,6,1,145,32,8,2,130,39,169,10,3,77,13,1,1,12,70,82,3,1
2021-10-29,641,200,32,4,646,830,41,9,87,29,6,1,74,35,109,7,1,230,59,7,0,256,61,317,14,3,123,47,8,1,117,37,154,7,1,145,51,8,2,131,39,170,10,3,56,14,3,0,12,68,80,3,1
2021-10-30,400,157,30,10,639,825,39,9,41,21,6,0,72,34,106,7,1,158,56,12,2,255,62,317,14,3,61,32,3,4,113,38,151,6,1,101,39,5,4,134,40,174,9,3,39,9,4,0,11,64,76,3,1
2021-10-31,446,153,32,7,639,825,37,8,47,23,5,0,73,33,106,6,1,199,48,8,0,255,62,317,13,2,59,30,8,1,111,39,150,6,1,109,41,8,5,138,41,179,9,3,32,11,3,1,11,61,72,3,0
2021-11-01,780,278,40,4,622,814,38,7,74,50,7,0,71,32,103,7,1,314,93,12,2,248,63,311,12,2,141,52,4,1,107,40,147,6,1,195,66,13,1,139,44,184,9,3,56,17,4,0,12,57,69,3,0
2021-11-02,806,240,50,10,653,857,39,7,79,37,11,1,73,34,107,7,0,302,86,18,4,257,68,325,12,2,173,53,4,0,118,43,161,6,1,191,50,10,2,149,47,195,9,3,60,14,7,3,13,56,69,3,1
2021-11-03,824,272,54,6,662,875,39,7,75,35,12,1,69,33,102,8,1,299,67,24,1,259,69,328,13,2,181,65,5,1,123,45,168,6,1,202,95,9,3,155,53,209,9,3,66,10,4,0,13,55,68,4,1
2021-11-04,906,259,40,4,686,909,40,6,108,46,6,0,73,34,107,8,0,349,80,14,3,264,70,334,14,2,208,56,2,0,135,48,183,5,1,187,67,15,0,161,58,220,10,2,53,10,3,1,12,52,64,4,1
2021-11-05,768,268,35,6,704,937,40,7,90,35,9,1,73,35,109,8,0,290,78,13,4,273,73,346,14,2,147,72,4,0,139,51,190,4,1,186,69,5,1,167,61,228,9,2,54,14,4,0,12,51,64,4,1
2021-11-06,506,220,41,12,719,961,42,7,57,34,11,1,76,37,113,9,1,197,74,15,2,279,75,354,15,2,74,53,4,0,140,54,195,4,0,136,48,8,5,172,62,235,10,2,42,11,3,4,12,52,64,4,1
2021-11-07,543,216,34,8,733,984,42,7,46,33,4,0,76,39,114,9,1,206,79,15,3,280,80,359,16,3,104,42,1,1,147,56,203,3,0,135,41,9,2,176,62,238,10,2,52,21,5,2,14,55,69,4,1
2021-11-08,1135,306,44,8,784,1038,43,8,140,52,13,2,85,39,124,9,1,401,87,15,1,292,79,371,16,3,230,79,2,1,160,60,220,3,0,270,66,8,3,187,62,249,9,2,93,21,6,1,14,60,74,5,2
2021-11-09,1037,276,35,12,817,1077,40,8,100,37,5,3,88,39,127,9,1,358,80,9,5,300,78,378,15,3,243,65,5,0,170,62,231,3,0,246,75,11,2,195,66,260,9,2,90,19,5,2,15,64,79,4,1
2021-11-10,1047,358,46,6,849,1121,39,8,122,67,12,0,95,43,138,9,1,363,104,16,2,309,83,392,14,3,235,70,4,1,177,62,240,3,0,256,91,12,2,202,65,268,10,2,68,26,2,1,17,65,82,4,2
2021-11-11,874,319,50,6,844,1125,41,8,90,66,9,1,92,46,138,9,1,345,97,22,4,309,86,394,15,3,167,61,3,0,171,63,235,3,0,225,77,13,1,208,67,274,9,2,46,18,3,0,19,64,82,4,1
2021-11-12,1028,320,43,16,881,1169,42,10,109,47,8,3,95,48,143,9,1,372,92,17,6,320,88,408,16,3,201,67,6,1,179,62,242,4,1,256,87,12,3,218,69,287,10,3,89,26,0,3,20,69,89,3,2
2021-11-13,613,210,45,8,897,1183,42,9,65,33,5,2,96,48,144,8,2,240,59,20,5,326,85,412,16,4,105,51,4,0,184,62,246,4,1,153,53,10,0,220,70,290,11,2,50,14,6,1,21,70,90,4,1
2021-11-14,689,258,40,5,918,1210,43,9,47,44,3,2,96,49,146,8,2,259,79,17,1,334,85,419,17,3,142,49,4,0,189,63,252,4,0,170,72,12,1,225,74,300,11,2,70,14,4,1,20,72,92,4,1
2021-11-15,1264,369,48,12,936,1237,44,9,136,68,8,2,96,52,147,7,2,427,119,9,4,338,90,428,16,4,254,65,11,2,192,61,254,5,1,321,92,16,3,232,78,311,12,2,126,25,4,1,20,77,97,3,1
2021-11-16,1272,336,43,10,970,1280,45,9,151,57,7,2,103,55,157,7,2,430,85,8,1,348,91,439,16,3,286,58,9,1,199,60,259,6,1,303,114,13,4,241,84,324,13,2,100,21,6,2,21,78,99,4,1
2021-11-17,1329,378,53,7,1010,1323,46,9,163,67,12,1,109,55,163,7,2,432,111,17,1,358,92,450,16,3,281,75,9,2,205,61,266,7,1,353,91,11,2,254,84,338,12,2,100,32,4,1,21,83,104,4,1
2021-11-18,1310,368,55,7,1072,1392,47,9,172,69,13,1,120,55,175,8,2,428,97,20,3,370,92,461,15,3,297,94,2,0,224,66,289,6,1,318,84,16,3,268,85,352,13,2,95,24,4,0,22,90,112,4,1
2021-11-19,1184,383,53,8,1094,1423,48,8,114,66,4,1,121,58,179,7,2,353,104,18,2,367,93,460,16,2,268,73,6,1,233,66,300,6,1,330,118,21,4,278,89,367,14,2,119,22,4,0,22,94,116,5,1
2021-11-20,827,292,47,10,1125,1466,48,8,71,57,8,2,122,61,183,8,2,279,81,17,3,373,97,469,15,2,143,57,6,1,239,67,306,7,1,253,87,13,4,293,94,387,15,3,81,10,3,0,21,99,120,4,1
2021-11-21,841,311,43,4,1147,1495,49,8,74,45,4,1,126,61,187,8,1,294,85,14,1,378,97,475,15,2,149,60,9,0,240,69,309,7,1,233,103,13,2,302,98,400,15,3,91,18,3,0,22,102,123,4,1
2021-11-22,1529,477,56,8,1185,1548,50,8,152,75,12,0,128,62,190,9,1,517,156,15,4,390,103,493,16,2,297,89,6,0,246,72,318,7,1,414,127,18,3,315,103,418,15,3,148,30,5,1,22,105,127,4,1
2021-11-23,1380,351,65,6,1200,1566,53,7,144,47,10,1,127,61,188,9,1,482,106,21,4,398,106,504,17,3,286,64,3,0,246,73,319,6,1,353,107,20,1,322,102,424,16,3,114,27,11,0,23,107,130,5,0
2021-11-24,1417,439,68,14,1213,1587,55,8,160,65,16,2,127,61,187,10,1,461,116,17,8,402,106,508,17,4,255,75,11,1,242,73,315,6,0,386,147,16,2,327,110,437,17,3,155,36,8,1,24,115,139,5,0
2021-11-25,531,248,68,7,1101,1459,57,8,35,42,11,0,107,57,164,9,1,189,78,26,2,368,104,472,18,3,103,52,5,0,214,67,282,7,0,148,61,23,3,302,107,410,18,3,56,15,3,2,23,109,132,5,1
2021-11-26,1172,407,77,11,1100,1460,61,9,143,68,15,1,111,57,168,11,1,364,102,19,3,369,103,473,18,4,198,73,10,1,204,67,272,7,0,352,130,23,4,306,109,414,18,3,114,33,10,2,24,108,133,6,1
2021-11-27,972,354,64,9,1120,1490,63,8,100,52,6,1,115,56,172,11,1,302,95,22,3,373,105,478,19,4,157,67,13,1,206,69,275,8,0,307,105,18,2,313,111,425,19,2,105,35,5,2,28,112,140,6,1
2021-11-28,1060,402,56,10,1152,1534,65,9,89,62,9,2,118,59,176,11,1,318,112,14,2,376,109,485,19,4,191,68,6,0,212,70,282,8,0,333,131,23,6,328,115,443,20,3,128,29,4,0,29,117,146,7,1
2021-11-29,2326,617,82,10,1265,1668,69,10,286,107,13,1,137,63,200,11,1,661,180,31,5,397,113,509,21,4,455,132,10,1,235,76,311,8,1,684,159,20,3,366,120,486,20,3,238,39,8,0,31,130,161,7,1
2021-11-30,2007,530,90,6,1355,1783,72,10,278,98,20,0,156,71,226,13,1,577,146,21,3,410,118,529,21,4,395,80,10,0,251,78,329,9,1,574,173,33,2,398,129,527,22,3,180,32,6,1,31,139,171,6,1
2021-12-01,2180,625,92,18,1464,1919,76,10,279,88,15,4,173,74,247,13,1,700,175,30,8,444,127,571,23,4,395,104,18,0,271,82,353,10,0,584,216,25,4,426,139,565,24,3,220,42,4,2,32,149,181,6,1
2021-12-02,2108,619,91,15,1689,2197,79,11,307,95,15,3,212,81,293,13,2,628,172,33,7,507,140,647,24,4,396,106,13,1,312,90,402,11,1,561,197,23,3,485,159,644,24,3,214,49,7,1,37,171,208,6,1
2021-12-03,1894,535,107,13,1792,2318,83,12,241,93,23,1,226,85,311,14,2,579,137,24,7,538,145,683,25,5,319,87,17,1,330,92,422,12,1,554,183,34,2,514,166,680,25,3,200,35,8,2,37,184,221,6,1
2021-12-04,1321,442,85,11,1842,2381,86,12,172,85,17,2,236,90,326,16,2,382,110,30,5,549,147,697,26,5,187,100,14,1,334,97,431,13,1,411,119,20,3,529,168,697,25,3,169,27,4,0,36,193,229,6,1
2021-12-05,1405,518,105,14,1892,2447,93,12,122,83,17,0,241,93,333,17,2,463,136,30,6,570,151,721,28,6,238,84,16,4,341,99,440,14,1,419,180,31,4,541,175,716,27,3,162,35,10,0,37,198,235,7,1
2021-12-06,2797,739,141,9,1959,2531,102,12,365,135,23,2,252,97,349,19,2,849,179,58,4,597,151,748,32,6,580,158,16,1,359,103,461,15,1,748,213,38,2,550,183,733,29,3,253,54,6,0,39,200,239,6,1
2021-12-07,2923,659,136,17,2090,2681,108,14,333,95,29,5,260,96,356,20,2,896,174,39,6,642,155,797,35,6,676,164,17,0,399,115,513,16,1,745,187,42,3,575,185,760,30,3,268,38,9,3,40,212,252,7,1
2021-12-08,3136,793,148,8,2226,2841,116,12,339,116,26,2,268,100,369,21,2,982,204,50,2,683,159,842,38,5,808,195,19,0,458,128,585,16,1,738,218,48,4,597,185,782,34,3,263,58,5,0,42,218,261,7,1
2021-12-09,3023,756,142,11,2357,2992,123,12,354,121,32,4,275,104,379,24,2,911,217,40,3,723,165,888,39,5,734,178,17,1,506,138,644,17,1,748,190,44,3,623,184,808,37,3,269,50,8,0,42,226,269,7,1
2021-12-10,3084,763,173,16,2527,3194,133,12,345,136,44,2,290,110,400,27,2,980,209,49,7,780,176,956,42,5,728,177,26,1,564,151,715,18,1,775,194,39,6,655,186,841,37,4,253,47,15,0,44,234,278,8,0
2021-12-11,2159,347,130,9,2647,3300,139,12,267,49,28,1,304,105,409,28,2,619,117,42,1,814,177,991,44,4,484,60,15,4,607,145,752,18,2,591,99,34,3,681,183,864,39,4,193,20,11,0,43,237,280,9,0
2021-12-12,2795,769,140,17,2845,3535,144,12,258,102,27,5,323,108,431,30,3,870,243,46,7,872,192,1064,46,4,790,211,15,0,686,163,849,18,1,661,176,41,4,715,182,898,41,4,213,37,11,1,43,245,288,9,1
2021-12-13,7529,1289,203,21,3521,4289,153,14,744,220,37,1,377,120,497,32,3,2390,325,58,6,1093,213,1305,46,5,2375,364,36,2,942,193,1135,21,1,1575,313,61,9,833,197,1030,44,5,440,66,11,2,45,271,316,10,1
2021-12-14,10881,1745,210,20,4658,5581,164,15,925,253,39,1,462,142,604,33,2,3420,507,65,7,1453,260,1713,50,5,4091,555,40,3,1430,249,1679,24,2,1942,363,56,6,1004,222,1226,46,5,498,64,10,3,49,304,353,10,1
2021-12-15,13167,1957,226,11,6091,7181,175,15,1093,262,50,6,569,163,733,37,3,4121,550,74,1,1902,310,2211,53,5,4933,660,33,2,2019,315,2334,26,2,2407,400,55,1,1243,248,1491,47,5,607,80,14,1,52,353,405,11,1
2021-12-16,13868,2202,345,12,7640,8936,204,15,1329,332,95,2,709,193,902,46,3,4516,639,101,4,2417,370,2787,62,5,4789,629,56,3,2599,379,2978,32,2,2618,514,77,1,1510,294,1804,52,4,610,87,16,2,57,402,459,13,1
2021-12-17,13554,2029,306,23,9136,10613,223,16,1509,354,78,2,875,225,1100,51,3,4277,559,76,12,2888,420,3308,66,5,4281,581,55,3,3106,437,3543,36,2,2767,440,78,5,1794,329,2124,57,4,711,94,19,1,64,467,531,13,1
2021-12-18,9946,1660,284,18,10249,11913,245,17,1059,304,51,2,988,261,1249,54,3,3243,479,99,7,3262,472,3734,74,6,2696,422,43,3,3422,489,3911,40,2,2329,384,71,5,2043,370,2413,63,4,613,70,20,1,71,527,599,14,2
2021-12-19,10568,1920,344,27,11359,13188,274,19,1072,327,88,4,1104,293,1398,63,3,3441,537,103,12,3630,514,4143,82,7,2716,510,53,4,3697,532,4229,45,3,2634,458,84,6,2325,410,2735,69,5,696,86,16,1,78,596,675,15,2
2021-12-20,27949,3259,423,13,14276,16386,305,18,3654,634,77,1,1520,352,1872,68,3,8930,924,146,9,4564,599,5163,95,7,7902,775,76,3,4487,590,5077,51,3,5987,766,99,0,2955,475,3430,74,3,1457,158,25,0,91,742,833,17,1
2021-12-21,30413,3587,463,11,17066,19440,342,16,4587,836,101,2,2043,436,2479,77,3,9450,949,140,1,5425,662,6088,106,7,7070,761,79,2,4912,620,5532,56,3,7465,865,123,4,3744,547,4291,84,3,1824,173,19,2,107,931,1038,18,1
2021-12-22,31408,5313,689,32,19672,22525,408,19,5507,998,176,4,2674,541,3215,95,2,9453,1906,194,14,6187,856,7043,123,8,6313,938,114,2,5110,659,5769,68,3,8164,1236,180,11,4566,666,5232,102,5,1965,235,25,1,129,1125,1254,20,1
2021-12-23,31841,3850,693,23,22240,25328,457,21,5376,913,177,3,3252,624,3876,107,3,9610,1031,212,5,6915,912,7827,139,9,6320,803,111,4,5328,684,6013,76,3,8572,885,161,7,5417,719,6136,114,5,1952,218,30,4,148,1317,1465,22,1
2021-12-24,17498,2492,583,44,22803,25958,497,24,2948,551,144,10,3458,652,4109,116,4,5579,724,207,19,7101,936,8037,157,10,3080,514,79,1,5157,675,5831,79,3,4886,599,132,12,5720,742,6461,121,6,1000,104,19,2,149,1358,1507,22,2
2021-12-25,7803,1294,615,38,22497,25599,544,27,1420,285,142,7,3509,649,4158,129,4,2345,352,201,10,6973,918,7890,172,10,1413,250,111,6,4973,650,5624,89,3,2164,352,139,10,5696,737,6433,131,7,457,55,22,5,147,1336,1483,22,2
2021-12-26,23005,3222,741,35,24274,27562,601,28,3724,696,178,4,3888,702,4590,142,4,7213,970,257,11,7511,979,8491,194,10,3613,517,112,4,5102,651,5753,97,3,6585,878,162,13,6260,797,7058,142,8,1866,159,32,3,157,1503,1660,25,2
2021-12-27,51301,5768,965,37,27610,31256,678,31,9814,1508,271,8,4768,827,5595,170,5,15038,1564,318,11,8384,1071,9455,218,10,8479,900,143,5,5184,669,5853,107,3,14240,1497,197,12,7439,902,8341,156,10,3720,295,36,1,177,1826,2003,26,3
2021-12-28,49753,4177,870,39,30373,34104,737,35,9863,1143,202,7,5522,871,6392,184,6,14229,1298,269,13,9067,1121,10187,237,12,7972,590,150,5,5313,645,5957,117,4,14363,953,207,13,8425,914,9339,168,11,3311,192,41,1,180,2039,2218,29,2
2021-12-29,50571,5881,954,49,33110,36922,774,38,10127,1575,261,15,6182,953,7135,196,8,14318,1525,295,19,9762,1066,10828,251,13,7737,931,130,7,5516,644,6160,119,5,14767,1559,216,6,9368,960,10329,173,10,3604,291,52,2,188,2273,2461,33,3
2021-12-30,47526,5753,1045,35,35351,39435,825,40,9354,1442,301,5,6750,1029,7779,214,8,13494,1562,327,17,10317,1142,11459,268,14,7583,926,156,4,5697,661,6358,126,5,13962,1512,206,9,10138,1050,11188,180,11,3124,311,55,0,201,2440,2641,37,2
2021-12-31,29188,3340,831,61,37021,41226,860,42,5138,762,168,10,7063,1059,8122,218,8,8759,938,291,24,10771,1173,11944,280,15,4584,598,131,10,5912,673,6585,133,6,8992,869,198,15,10725,1089,11813,189,11,1710,173,42,2,211,2542,2753,40,2
2022-01-01,12069,1906,879,68,37630,41923,898,46,1990,448,205,15,7144,1082,8226,227,9,3538,438,260,23,10941,1185,12126,288,17,1931,373,153,9,5986,691,6676,139,6,3734,545,209,18,10949,1116,12065,199,12,876,102,52,3,218,2602,2819,44,2
2022-01-02,32550,3502,1309,69,38994,43326,979,51,4920,679,354,11,7315,1080,8395,252,10,10164,1057,367,21,11363,1197,12560,304,18,5085,677,217,9,6196,714,6909,154,7,9894,916,313,25,11422,1122,12543,221,14,2479,173,58,3,220,2689,2909,48,2
2022-01-03,55058,5871,1139,77,39531,43878,1004,57,10564,1397,348,15,7422,1064,8486,263,11,16683,1578,319,28,11598,1199,12797,304,21,9121,972,182,8,6288,724,7011,160,7,15244,1608,260,24,11565,1137,12703,230,16,3424,316,29,2,223,2647,2869,47,2
2022-01-04,49279,5428,1014,95,39463,43989,1024,65,10284,1355,320,15,7482,1094,8576,280,12,13853,1394,279,37,11544,1213,12757,305,24,8755,887,148,13,6399,766,7166,160,9,13418,1528,219,24,11430,1220,12650,232,17,2957,264,47,6,233,2596,2829,48,3
2022-01-05,40283,4470,1134,87,37993,42318,1050,70,7966,1053,288,12,7174,1019,8193,283,12,11207,1168,362,23,11100,1162,12262,315,25,7098,752,165,15,6308,741,7049,165,10,11472,1279,263,30,10959,1180,12139,238,21,2535,218,56,7,222,2444,2666,48,3
2022-01-06,36400,3632,949,98,36404,40425,1036,79,6986,695,271,13,6835,913,7748,279,13,10469,953,268,32,10668,1075,11743,307,27,6337,703,152,24,6130,709,6839,164,13,10504,1086,214,25,10465,1119,11584,239,23,2093,195,44,4,206,2296,2502,47,4
2022-01-07,23221,2681,827,105,35551,39479,1036,86,4233,602,205,17,6706,890,7596,284,14,6875,710,261,31,10398,1043,11441,302,28,4352,495,134,16,6097,694,6791,164,13,6439,743,188,39,10101,1101,11201,238,26,1318,131,39,2,200,2240,2440,46,4
2022-01-08,16206,2065,761,108,36142,40092,1019,91,2702,460,202,15,6808,892,7699,284,14,4845,522,223,43,10585,1055,11640,297,31,2526,345,122,11,6182,690,6872,160,14,5026,627,168,33,10285,1112,11398,232,29,1106,110,46,6,201,2273,2474,46,4
2022-01-09,14362,1928,724,126,33544,37269,935,99,1859,376,164,25,6371,848,7219,257,16,4691,561,224,47,9803,984,10787,277,34,2112,330,126,16,5757,641,6398,147,15,4573,543,168,31,9525,1059,10584,211,29,1123,118,42,7,193,2079,2273,43,5
2022-01-10,25068,3374,928,122,29260,32628,905,106,4508,743,256,20,5505,755,6260,244,17,7560,1013,260,42,8500,903,9403,268,36,4065,492,151,21,5035,572,5607,143,17,7312,939,207,30,8392,964,9356,204,30,1614,186,54,9,175,1821,1995,47,6
2022-01-11,18545,2350,771,147,24869,27798,871,113,3355,620,184,24,4516,650,5165,224,18,5557,557,247,51,7315,783,8098,264,38,2882,400,120,22,4196,502,4698,139,18,5460,644,175,44,7255,837,8092,198,33,1284,129,44,6,155,1582,1737,46,6
2022-01-12,18445,2194,760,126,21750,24353,817,119,3012,367,163,24,3808,552,4360,206,20,5678,691,232,46,6525,715,7240,245,42,3209,382,116,25,3640,450,4090,132,19,5420,644,204,27,6391,747,7137,189,33,1119,110,45,4,140,1380,1519,45,5
2022-01-13,16100,1921,729,135,18850,21209,786,124,2506,366,158,21,3168,505,3673,190,21,5253,573,212,48,5780,661,6441,237,44,2548,311,119,24,3099,394,3493,127,19,4818,543,200,35,5578,669,6247,187,34,973,128,40,7,130,1220,1350,44,6
2022-01-14,13294,1634,690,139,17431,19641,766,129,2205,352,174,33,2878,469,3347,186,23,4117,372,208,44,5386,613,5999,229,46,2325,270,115,17,2810,361,3171,124,19,3835,554,163,40,5206,642,5848,184,34,805,86,30,5,124,1146,1270,43,6
2022-01-15,6760,882,515,105,16082,18122,731,129,887,173,114,15,2619,428,3047,173,23,2236,216,171,44,5013,569,5582,222,46,987,158,71,19,2590,335,2924,117,21,2115,280,118,25,4790,592,5383,176,33,535,55,41,2,116,1065,1181,42,6
2022-01-16,6891,902,451,126,15015,16909,692,129,789,187,100,23,2466,401,2867,164,23,2413,250,133,53,4688,525,5212,209,47,1178,164,63,20,2456,311,2767,108,21,2060,246,123,27,4431,550,4981,170,33,451,55,32,3,107,969,1076,41,5
2022-01-17,9834,1238,538,111,12838,14427,636,127,1187,275,102,25,1992,334,2326,142,24,3552,320,163,32,4115,426,4541,195,45,1649,205,84,12,2111,270,2381,98,20,2764,361,140,33,3782,467,4249,160,33,679,77,49,9,91,835,927,40,5
2022-01-18,10923,1192,512,125,11750,13173,599,124,1616,240,122,27,1743,280,2023,133,24,3581,318,147,37,3833,391,4224,181,43,2064,214,85,16,1994,243,2238,93,19,2954,346,138,37,3424,425,3849,155,32,706,74,20,8,84,753,836,37,5
2022-01-19,9036,974,431,100,10405,11654,552,120,1251,196,98,20,1492,256,1747,124,23,3003,277,132,32,3451,332,3783,167,41,1740,162,66,15,1784,212,1996,86,18,2474,262,101,26,3003,370,3373,140,32,561,77,33,7,79,673,752,35,6
2022-01-20,7044,722,464,119,9112,10189,514,118,952,126,101,18,1270,221,1491,116,23,2317,180,154,35,3031,276,3307,158,40,1436,127,85,24,1626,186,1811,81,18,1888,239,101,36,2584,327,2911,126,32,449,50,23,6,68,598,666,33,6
2022-01-21,5798,644,402,123,8041,8977,473,116,765,126,100,23,1064,189,1253,105,22,1778,163,138,48,2697,246,2943,148,40,1152,107,72,15,1458,162,1620,75,17,1712,197,77,31,2281,276,2557,114,31,390,51,15,6,63,539,601,30,6
2022-01-22,3633,518,322,87,7594,8478,446,113,465,81,81,11,1004,176,1179,101,21,1200,155,93,38,2549,238,2787,137,39,536,98,44,6,1394,154,1547,71,15,1159,161,85,24,2144,259,2403,109,31,273,23,19,8,58,501,559,27,7
2022-01-23,3398,500,280,106,7095,7922,421,110,350,81,59,20,941,161,1102,95,21,1234,133,87,36,2381,221,2602,131,37,605,100,41,19,1312,145,1456,68,15,982,163,78,28,1990,247,2237,103,31,227,23,15,3,54,469,523,25,7
2022-01-24,6016,649,353,119,6550,7292,395,111,817,139,108,20,888,141,1029,96,20,1996,180,95,43,2158,201,2359,121,38,1224,109,62,11,1251,131,1382,65,15,1551,178,73,31,1817,221,2038,93,30,425,43,15,14,49,433,482,20,7
2022-01-25,4762,470,347,106,5670,6309,371,109,582,74,84,20,740,118,858,90,19,1604,130,119,37,1876,174,2050,117,38,1000,107,43,19,1099,116,1215,59,16,1247,138,76,28,1573,191,1764,84,29,328,21,25,2,41,379,420,21,7
2022-01-26,4195,420,281,114,4978,5538,350,111,516,62,60,27,635,98,734,85,20,1452,114,84,30,1654,151,1805,110,38,901,81,45,17,979,104,1083,56,16,1074,142,72,35,1373,174,1547,80,30,250,21,20,5,33,335,368,19,6
2022-01-27,3633,356,275,81,4491,4999,323,105,443,66,54,13,563,90,652,78,19,1189,115,93,26,1493,141,1635,101,37,786,63,41,11,886,95,981,50,14,952,102,58,23,1240,154,1394,74,29,259,10,29,8,27,307,335,20,7
2022-01-28,2725,308,206,101,4052,4512,295,102,307,51,47,17,497,79,576,70,18,894,81,52,31,1367,130,1497,89,34,569,73,40,17,803,90,893,45,14,756,82,52,21,1103,138,1241,71,27,197,21,15,15,23,280,303,20,8
2022-01-29,513,65,140,83,3606,4001,269,101,69,5,23,13,441,68,509,62,19,141,11,48,31,1216,109,1325,83,33,147,37,21,16,747,81,829,42,16,127,10,39,19,956,116,1072,64,26,29,2,9,4,20,245,265,18,7
2022-01-30,1426,225,144,87,3324,3680,249,99,138,33,23,17,410,61,472,57,18,488,62,52,31,1109,99,1208,78,33,320,50,15,10,707,74,781,38,14,364,66,37,25,867,103,970,58,26,116,14,17,4,19,229,248,19,7
2022-01-31,3110,279,207,94,2909,3212,229,95,638,54,57,16,385,49,434,50,18,905,71,68,37,953,83,1037,74,32,639,61,20,15,623,67,691,32,15,706,82,46,18,747,89,835,54,24,221,11,16,8,14,200,214,19,7
2022-02-01,2240,252,177,76,2549,2821,204,91,282,50,31,14,342,46,388,42,17,758,62,60,22,832,74,906,65,30,520,47,22,11,555,59,613,29,14,528,69,54,27,644,79,723,51,24,148,24,10,2,15,174,189,17,7
2022-02-02,2327,236,162,91,2282,2528,187,88,264,43,38,12,306,43,349,39,15,832,62,51,30,744,66,810,61,30,528,57,14,14,501,55,557,25,13,542,63,48,27,568,68,636,48,23,159,11,11,8,13,161,175,15,7
2022-02-03,2000,185,142,75,2049,2270,168,87,253,29,30,12,279,38,317,36,14,751,58,57,23,681,58,739,55,29,418,48,16,13,449,53,502,21,14,457,36,28,19,497,58,555,43,22,121,14,11,8,14,142,155,13,7
2022-02-04,1540,152,151,53,1879,2079,160,80,176,18,24,11,260,33,293,32,14,496,49,42,14,624,54,678,54,27,324,33,28,11,414,48,461,19,13,426,43,43,13,450,53,503,42,21,117,9,14,4,12,130,142,13,5
2022-02-05,946,154,117,51,1941,2153,157,75,117,17,30,13,267,35,302,33,14,298,35,33,13,647,57,704,52,24,195,45,17,9,421,49,469,19,12,266,50,30,13,470,58,528,41,20,70,7,7,3,13,136,149,12,5
2022-02-06,869,143,106,54,1862,2062,152,71,70,16,17,9,257,32,290,32,12,263,31,26,22,615,53,667,48,23,219,44,16,9,406,48,454,19,12,239,46,38,7,452,56,508,41,18,78,6,9,7,12,131,142,11,6
2022-02-07,1603,187,103,39,1646,1833,137,63,190,27,20,5,193,29,222,27,11,529,53,32,18,561,50,611,43,20,369,41,19,4,368,45,413,19,10,404,50,28,8,409,51,460,38,16,111,16,4,4,12,115,127,9,5
2022-02-08,1515,149,128,57,1543,1715,130,60,196,13,36,8,181,23,204,28,10,528,50,46,28,528,48,576,41,21,376,33,13,6,347,43,390,18,9,314,32,28,12,378,46,424,35,14,101,21,5,3,12,108,120,9,5
2022-02-09,1318,144,114,50,1399,1558,123,54,158,21,24,8,166,20,186,26,9,407,48,39,14,467,46,514,39,19,342,31,15,8,320,39,360,18,9,329,35,29,16,348,42,390,32,13,80,9,7,4,12,97,109,8,5
2022-02-10,1226,123,87,46,1288,1438,115,50,128,24,20,6,148,19,167,24,9,402,29,34,14,418,42,460,36,18,298,29,14,6,303,37,340,17,8,326,29,16,13,329,41,370,30,12,72,12,3,7,11,90,101,7,5
2022-02-11,983,106,106,42,1209,1352,109,48,133,13,21,10,142,19,160,24,8,317,27,33,10,392,39,431,35,17,236,29,11,7,291,36,327,15,7,229,29,31,9,301,39,340,29,11,67,8,10,6,11,83,94,6,5
2022-02-12,635,95,69,33,1164,1299,102,46,67,9,15,7,135,18,152,22,8,213,31,23,5,380,38,418,33,16,146,28,13,5,284,34,317,14,6,150,22,10,11,284,35,319,26,11,59,5,8,5,11,81,92,7,5
2022-02-13,458,76,55,45,1105,1231,95,45,55,10,15,12,132,17,149,22,8,153,19,11,19,364,37,401,31,15,105,22,10,4,267,30,298,14,6,110,17,13,7,266,31,297,22,11,35,8,6,3,11,75,86,6,5
2022-02-14,1017,108,77,23,1022,1136,91,42,96,13,18,3,119,15,134,21,8,357,33,26,11,340,34,373,30,14,277,23,11,3,254,28,282,12,6,218,31,19,2,239,28,267,21,10,69,8,3,4,10,69,79,6,5
2022-02-15,941,110,73,26,940,1049,83,38,91,9,14,2,104,14,118,18,7,299,27,28,5,307,31,337,28,11,269,34,7,5,239,28,267,12,5,206,33,16,13,224,28,252,19,10,74,7,8,1,8,65,73,6,4
2022-02-16,936,70,68,32,885,983,76,35,89,8,11,7,94,12,106,16,7,317,12,24,10,294,25,319,26,11,250,34,9,2,226,28,254,11,5,219,10,21,11,208,24,233,18,9,60,6,3,2,8,62,70,6,4
2022-02-17,833,115,72,40,829,926,74,34,82,9,9,5,88,10,98,15,7,268,35,20,15,275,26,301,24,11,232,36,17,12,216,29,246,11,5,205,27,22,7,191,24,215,19,9,45,8,4,1,7,58,66,6,3
2022-02-18,663,97,61,35,783,879,68,33,70,10,15,5,79,10,88,14,6,214,30,12,13,260,27,287,21,11,149,32,8,7,204,30,234,11,5,174,21,20,7,183,23,206,17,8,56,4,6,3,7,57,63,5,3
2022-02-19,425,72,47,31,753,846,65,33,40,9,11,5,75,10,84,13,6,103,21,15,10,244,25,270,19,12,123,23,6,3,201,29,230,10,5,125,18,13,12,180,22,202,18,8,34,1,2,1,6,53,59,5,2
2022-02-20,383,58,39,16,743,833,62,29,45,4,11,3,73,9,82,13,4,115,16,14,8,239,25,264,20,10,118,16,4,0,203,28,231,9,5,74,18,7,4,174,23,197,17,8,31,4,3,1,5,53,58,4,2
2022-02-21,559,92,38,29,677,765,57,30,47,8,11,3,66,8,74,12,4,155,27,6,9,210,24,234,17,10,161,30,8,3,186,29,215,8,5,160,19,12,12,166,21,187,16,9,36,8,1,2,5,48,53,4,2
2022-02-22,686,91,54,12,641,726,54,28,67,7,11,2,63,8,71,11,4,219,28,19,4,199,24,223,16,10,192,24,2,2,175,28,203,8,4,153,26,13,4,159,20,178,15,8,54,6,9,0,5,45,50,4,1
2022-02-23,705,76,41,18,608,694,50,26,68,12,13,3,60,8,68,12,4,202,11,8,5,182,24,206,13,9,259,33,7,2,176,28,204,7,4,140,12,10,6,147,20,167,14,7,36,8,3,2,6,42,47,4,1
2022-02-24,660,77,43,19,583,663,46,23,77,10,11,4,59,9,68,12,4,176,24,8,7,169,22,192,12,8,203,22,9,3,172,26,198,6,3,164,18,12,3,141,19,160,12,7,40,3,3,2,5,41,46,4,2
2022-02-25,539,37,44,17,565,637,44,20,32,4,4,4,54,8,61,10,3,184,7,18,3,165,19,184,13,7,165,12,4,2,174,23,197,6,2,119,12,11,6,134,18,151,11,7,38,2,7,2,5,38,43,4,1
2022-02-26,337,75,29,6,553,625,41,17,32,6,5,0,53,7,60,9,3,105,21,8,1,165,19,184,12,5,109,28,6,1,172,24,196,6,2,69,14,9,4,126,17,143,11,6,21,6,1,0,5,37,42,4,1
2022-02-27,361,68,29,18,550,623,40,17,27,15,5,1,50,9,59,9,2,127,19,7,4,167,20,186,11,5,115,23,4,5,172,25,197,6,3,68,10,9,7,125,16,141,11,6,24,1,4,1,5,36,40,4,1
2022-02-28,706,100,51,7,571,645,42,14,57,13,9,3,51,10,61,8,2,197,25,15,1,173,19,192,12,4,248,33,8,2,184,25,209,6,2,155,26,17,1,124,17,141,12,4,49,3,2,0,4,37,42,4,1
2022-03-01,611,78,43,20,560,633,40,15,56,8,11,4,50,10,60,8,3,181,19,10,3,167,18,185,11,3,230,27,8,2,190,25,215,7,2,111,22,10,8,118,16,134,11,5,33,2,4,3,4,34,38,3,1
2022-03-02,643,106,42,20,551,628,40,15,47,17,11,2,47,10,57,8,3,191,21,13,11,166,19,185,11,4,235,34,3,2,186,26,212,6,2,122,27,9,4,115,18,134,11,5,46,7,5,1,3,36,39,4,1
2022-03-03,587,84,40,9,541,619,40,14,51,12,9,1,43,11,54,8,2,159,20,10,4,163,19,182,12,4,230,27,8,1,190,26,217,6,2,123,20,9,2,110,19,128,11,5,23,5,4,1,4,33,37,4,1
2022-03-04,461,69,39,13,529,612,39,13,45,7,8,4,45,11,56,8,2,139,19,9,4,157,21,178,10,4,150,22,7,1,188,28,216,6,2,106,9,14,4,108,18,126,11,4,21,12,1,0,5,31,36,3,1
2022-03-05,317,54,26,12,527,606,39,14,29,6,7,6,45,11,56,9,3,86,11,5,2,154,19,173,10,4,107,16,3,1,188,26,214,6,2,66,20,7,1,107,19,126,11,4,29,1,4,2,4,32,37,3,1
2022-03-06,340,71,20,8,524,604,37,13,23,7,5,2,44,10,54,9,3,123,26,5,2,154,20,174,10,4,109,24,3,1,187,26,213,6,1,69,7,5,3,107,19,126,10,3,16,7,2,0,5,31,36,3,1
2022-03-07,656,84,24,10,516,594,33,13,38,7,3,1,41,9,50,8,3,230,23,5,2,158,20,178,8,4,241,33,5,0,186,26,212,5,1,110,18,7,5,101,18,119,9,4,37,3,4,2,5,29,35,3,1
2022-03-08,681,86,23,5,526,606,31,11,52,8,5,1,41,9,50,7,2,245,30,7,3,168,21,189,8,4,238,32,5,0,187,27,214,5,1,111,12,3,1,101,16,117,8,3,35,4,3,0,6,30,35,3,1
2022-03-09,625,110,26,12,524,604,28,10,42,9,8,2,40,8,48,6,2,221,41,5,4,172,24,196,7,3,228,41,2,2,186,28,214,5,1,109,17,7,4,99,15,114,7,3,25,2,4,0,5,27,31,3,1
2022-03-10,699,129,28,10,540,626,27,10,49,17,7,2,40,9,48,6,3,241,36,10,3,184,27,210,7,3,259,53,2,3,190,32,222,4,1,119,20,9,2,99,15,113,7,3,30,3,0,0,5,28,32,3,1
2022-03-11,605,91,22,9,560,650,24,9,59,8,5,1,42,9,51,6,2,207,32,7,3,193,28,222,6,3,204,29,5,1,198,33,231,4,1,104,17,3,4,98,16,114,6,3,30,5,2,0,4,29,32,3,1
2022-03-12,299,57,20,9,558,648,23,9,21,6,4,2,41,9,49,5,2,103,18,6,4,196,29,225,6,3,101,20,3,1,197,33,230,4,1,60,11,6,2,97,15,112,6,3,14,2,1,0,4,27,30,2,0
2022-03-13,435,93,24,9,571,664,24,9,35,16,2,0,42,10,52,5,1,129,19,7,4,197,28,225,7,3,151,42,2,1,203,36,239,3,1,93,13,11,2,101,15,116,7,3,27,3,2,2,3,28,31,2,1
2022-03-14,905,128,32,15,607,706,25,10,69,16,3,3,47,11,58,5,2,332,40,7,3,211,31,242,7,3,320,37,7,2,214,36,251,4,1,147,29,13,4,106,17,123,7,3,36,6,2,3,4,28,32,2,1
2022-03-15,847,110,29,10,631,733,26,11,61,13,8,4,48,12,60,5,2,312,30,8,1,221,31,252,7,3,300,40,7,4,223,37,261,4,2,141,24,3,0,110,19,129,7,3,33,3,3,1,3,28,31,2,1
2022-03-16,871,146,24,8,666,774,26,10,69,22,4,1,52,14,66,5,2,275,39,5,1,228,31,259,7,3,349,47,5,0,241,38,279,4,2,154,29,7,5,117,20,137,7,3,24,9,3,1,4,28,32,2,1
2022-03-17,754,108,28,4,674,778,26,9,66,14,4,0,54,14,68,4,2,246,31,9,1,229,30,259,7,2,288,35,2,1,245,36,280,4,1,125,21,8,1,118,21,138,7,3,29,7,5,1,5,28,33,3,1
2022-03-18,803,144,34,7,702,814,27,9,63,10,4,1,55,14,69,4,2,238,37,8,2,234,31,264,7,2,319,57,3,2,261,40,301,4,2,154,26,17,1,125,22,147,9,2,28,14,2,1,6,27,34,3,1
2022-03-19,448,120,22,5,723,845,28,8,26,8,4,0,56,14,70,4,1,132,27,5,3,238,32,270,7,2,174,45,9,0,272,43,315,5,1,90,29,1,1,129,24,154,9,2,26,11,3,1,8,29,37,3,1
2022-03-20,653,136,26,8,754,882,28,8,28,9,3,0,55,13,68,4,1,211,41,11,2,249,35,284,8,2,251,45,4,3,286,44,330,5,2,134,35,7,2,135,28,163,8,2,29,6,1,1,8,29,37,3,1
2022-03-21,1311,204,27,3,812,951,27,6,105,32,6,0,60,15,75,5,1,399,59,9,2,259,38,297,8,2,554,60,6,1,319,47,366,5,2,208,37,3,0,144,29,172,7,1,45,16,3,0,9,31,40,3,1
2022-03-22,1287,199,30,5,875,1026,27,6,92,22,5,0,64,17,81,4,0,427,47,10,2,275,40,316,8,2,497,82,7,1,347,53,400,5,1,214,39,4,1,154,31,185,7,2,55,9,4,1,10,34,44,3,1
2022-03-23,1266,195,22,4,932,1090,27,5,85,17,6,1,66,16,82,5,0,401,55,6,0,293,42,336,8,2,491,83,7,0,368,58,426,5,1,225,36,3,0,164,32,196,6,1,63,4,0,3,10,39,49,3,1
2022-03-24,1176,197,24,5,992,1163,26,5,104,18,2,1,72,17,88,4,0,355,52,11,1,309,45,354,9,2,447,84,2,2,390,65,456,5,1,217,36,6,1,177,34,211,6,1,53,7,3,0,10,43,52,2,1
2022-03-25,1094,210,37,5,1034,1214,27,5,94,31,5,3,76,20,96,4,1,332,42,9,0,322,46,369,9,1,411,94,9,0,404,70,474,6,1,211,38,14,2,186,36,221,5,1,45,5,0,0,8,45,53,2,1
2022-03-26,678,158,25,4,1066,1252,27,5,49,11,4,2,80,20,100,4,1,229,55,4,1,336,50,386,9,1,217,51,5,1,410,71,481,6,1,128,28,10,0,191,36,227,7,1,55,13,2,0,9,49,58,2,1
2022-03-27,775,162,22,6,1084,1273,27,5,48,12,4,1,82,20,103,5,1,267,43,8,3,344,50,395,8,1,271,60,2,1,413,73,486,5,1,150,33,5,1,193,35,229,6,1,39,14,3,0,10,51,60,2,1
2022-03-28,1515,254,31,4,1113,1309,27,5,124,26,6,0,85,20,105,5,1,437,78,7,2,350,53,403,8,1,572,74,6,2,415,75,491,5,1,304,57,10,0,207,38,245,7,1,77,19,2,0,10,55,65,2,1
2022-03-29,1437,246,29,5,1134,1338,27,5,110,19,2,2,88,19,107,4,1,481,60,12,1,357,55,412,8,1,494,89,2,0,415,76,491,5,1,261,67,11,2,214,42,256,8,1,89,11,2,0,10,60,71,2,0
2022-03-30,1514,245,41,5,1170,1380,30,5,119,24,9,0,93,20,113,5,1,455,71,13,3,365,57,422,9,2,549,91,6,0,423,78,501,5,1,309,54,13,1,226,45,270,10,1,82,5,0,1,11,63,73,2,0
2022-03-31,1509,264,43,3,1217,1437,33,5,97,32,5,1,92,22,114,5,1,447,68,8,1,378,60,438,9,2,588,92,15,0,443,79,522,6,1,277,56,9,1,234,48,282,10,1,99,16,6,0,12,69,81,2,0
2022-04-01,1337,260,34,5,1252,1479,32,5,112,21,5,1,94,21,115,5,1,398,68,5,1,388,63,451,8,2,476,97,14,1,452,79,532,7,1,285,63,5,2,245,51,296,9,1,66,11,5,0,13,72,85,3,0
